,Keyword,2020,2016,2012,2008
0,coronavirus,23441.0,,,
1,new,10477.0,,,
2,trump,6844.0,,,
3,states,5971.0,,,
4,pandemic,5831.0,,,
5,people,5363.0,,,
6,election,5165.0,,,
7,united,5135.0,,,
8,one,5013.0,,,
9,president,4633.0,,,
10,york,4443.0,,,
11,presidential,4321.0,,,
12,government,4062.0,,,
13,said,4026.0,,,
14,home,3441.0,,,
15,city,3396.0,,,
16,black,3180.0,,,
17,world,3152.0,,,
18,politics,3085.0,,,
19,police,3019.0,,,
20,like,2969.0,,,
21,first,2953.0,,,
22,two,2903.0,,,
23,would,2883.0,,,
24,time,2875.0,,,
25,week,2715.0,,,
26,washington,2655.0,,,
27,many,2631.0,,,
28,health,2595.0,,,
29,us,2574.0,,,
30,house,2558.0,,,
31,state,2536.0,,,
32,protests,2508.0,,,
33,may,2499.0,,,
34,deaths,2491.0,,,
35,could,2401.0,,,
36,country,2382.0,,,
37,years,2340.0,,,
38,life,2288.0,,,
39,last,2275.0,,,
40,virus,2157.0,,,
41,even,2122.0,,,
42,get,2083.0,,,
43,biden,2054.0,,,
44,day,2001.0,,,
45,george,1908.0,,,
46,times,1904.0,,,
47,children,1867.0,,,
48,public,1854.0,,,
49,american,1848.0,,,
50,back,1837.0,,,
51,elections,1794.0,,,
52,floyd,1792.0,,,
53,died,1784.0,,,
54,economy,1765.0,,,
55,federal,1757.0,,,
56,social,1756.0,,,
57,national,1743.0,,,
58,art,1699.0,,,
59,year,1674.0,,,
60,economic,1670.0,,,
61,china,1668.0,,,
62,books,1668.0,,,
63,obituaries,1668.0,,,
64,women,1663.0,,,
65,work,1649.0,,,
66,news,1640.0,,,
67,white,1635.0,,,
68,real,1599.0,,,
69,make,1588.0,,,
70,officials,1584.0,,,
71,help,1581.0,,,
72,crisis,1558.0,,,
73,also,1527.0,,,
74,primary,1525.0,,,
75,part,1525.0,,,
76,music,1512.0,,,
77,court,1487.0,,,
78,family,1463.0,,,
79,america,1448.0,,,
80,three,1437.0,,,
81,medical,1435.0,,,
82,long,1433.0,,,
83,outbreak,1432.0,,,
84,book,1411.0,,,
85,across,1407.0,,,
86,say,1398.0,,,
87,made,1388.0,,,
88,workers,1378.0,,,
89,lives,1360.0,,,
90,care,1360.0,,,
91,days,1354.0,,,
92,former,1344.0,,,
93,estate,1336.0,,,
94,tuesday,1328.0,,,
95,still,1326.0,,,
96,around,1317.0,,,
97,take,1311.0,,,
98,way,1301.0,,,
99,monday,1293.0,,,
100,quarantines,1285.0,,,
101,media,1263.0,,,
102,wednesday,1261.0,,,
103,donald,1256.0,,,
104,results,1248.0,,,
105,military,1227.0,,,
106,americans,1224.0,,,
107,series,1224.0,,,
108,since,1200.0,,,
109,million,1192.0,,,
110,death,1186.0,,,
111,man,1186.0,,,
112,much,1182.0,,,
113,show,1182.0,,,
114,night,1179.0,,,
115,friday,1177.0,,,
116,weeks,1172.0,,,
117,months,1170.0,,,
118,administration,1168.0,,,
119,live,1160.0,,,
120,others,1155.0,,,
121,want,1150.0,,,
122,literature,1150.0,,,
123,month,1144.0,,,
124,latest,1142.0,,,
125,masks,1135.0,,,
126,movies,1126.0,,,
127,political,1117.0,,,
128,company,1108.0,,,
129,race,1102.0,,,
130,war,1098.0,,,
131,every,1098.0,,,
132,says,1097.0,,,
133,business,1092.0,,,
134,need,1091.0,,,
135,california,1085.0,,,
136,online,1078.0,,,
137,thursday,1078.0,,,
138,spread,1076.0,,,
139,ago,1071.0,,,
140,travel,1056.0,,,
141,another,1055.0,,,
142,theater,1054.0,,,
143,security,1046.0,,,
144,housing,1036.0,,,
145,small,1036.0,,,
146,sign,1035.0,,,
147,j,1030.0,,,
148,school,1029.0,,,
149,food,1029.0,,,
150,party,1028.0,,,
151,cases,1025.0,,,
152,march,1024.0,,,
153,joseph,1022.0,,,
154,democratic,1017.0,,,
155,television,1014.0,,,
156,quarantine,1008.0,,,
157,found,1005.0,,,
158,go,1003.0,,,
159,know,998.0,,,
160,read,997.0,,,
161,dies,994.0,,,
162,nation,992.0,,,
163,tv,991.0,,,
164,international,985.0,,,
165,next,979.0,,,
166,department,971.0,,,
167,global,969.0,,,
168,group,966.0,,,
169,parenting,957.0,,,
170,residential,947.0,,,
171,face,945.0,,,
172,early,944.0,,,
173,district,943.0,,,
174,story,934.0,,,
175,south,930.0,,,
176,season,928.0,,,
177,program,925.0,,,
178,end,922.0,,,
179,best,918.0,,,
180,recent,918.0,,,
181,top,917.0,,,
182,campaign,912.0,,,
183,right,911.0,,,
184,aid,909.0,,,
185,rights,907.0,,,
186,without,906.0,,,
187,relief,906.0,,,
188,love,900.0,,,
189,matter,900.0,,,
190,might,899.0,,,
191,summer,898.0,,,
192,law,894.0,,,
193,brooklyn,890.0,,,
194,act,888.0,,,
195,nearly,875.0,,,
196,history,874.0,,,
197,homes,873.0,,,
198,manhattan,867.0,,,
199,via,865.0,,,
200,big,862.0,,,
201,become,862.0,,,
202,good,861.0,,,
203,video,855.0,,,
204,four,854.0,,,
205,young,849.0,,,
206,keep,848.0,,,
207,market,841.0,,,
208,movie,839.0,,,
209,see,837.0,,,
210,movement,835.0,,,
211,job,828.0,,,
212,response,825.0,,,
213,lockdown,824.0,,,
214,tests,823.0,,,
215,financial,822.0,,,
216,place,818.0,,,
217,never,817.0,,,
218,childhood,816.0,,,
219,companies,811.0,,,
220,change,805.0,,,
221,announced,803.0,,,
222,sports,800.0,,,
223,major,799.0,,,
224,shows,798.0,,,
225,among,796.0,,,
226,called,796.0,,,
227,great,794.0,,,
228,find,790.0,,,
229,working,789.0,,,
230,team,789.0,,,
231,culture,786.0,,,
232,including,785.0,,,
233,north,782.0,,,
234,come,782.0,,,
235,case,781.0,,,
236,late,781.0,,,
237,forces,781.0,,,
238,going,776.0,,,
239,look,774.0,,,
240,little,773.0,,,
241,defense,772.0,,,
242,college,770.0,,,
243,making,770.0,,,
244,set,765.0,,,
245,past,764.0,,,
246,use,764.0,,,
247,disease,762.0,,,
248,businesses,757.0,,,
249,sanders,756.0,,,
250,least,753.0,,,
251,left,748.0,,,
252,fight,745.0,,,
253,morning,740.0,,,
254,jobs,738.0,,,
255,league,738.0,,,
256,soccer,737.0,,,
257,supreme,736.0,,,
258,schools,732.0,,,
259,industry,724.0,,,
260,reopenings,713.0,,,
261,emergency,711.0,,,
262,london,710.0,,,
263,parents,709.0,,,
264,high,708.0,,,
265,education,708.0,,,
266,center,703.0,,,
267,men,701.0,,,
268,thousands,700.0,,,
269,took,699.0,,,
270,republican,697.0,,,
271,brutality,697.0,,,
272,patients,696.0,,,
273,whose,695.0,,,
274,review,693.0,,,
275,away,693.0,,,
276,plan,691.0,,,
277,justice,690.0,,,
278,safety,690.0,,,
279,already,686.0,,,
280,executive,685.0,,,
281,used,685.0,,,
282,together,684.0,,,
283,space,683.0,,,
284,newsletter,682.0,,,
285,whether,681.0,,,
286,senate,679.0,,,
287,amid,678.0,,,
288,sunday,677.0,,,
289,park,676.0,,,
290,open,676.0,,,
291,students,672.0,,,
292,play,670.0,,,
293,office,670.0,,,
294,novel,668.0,,,
295,john,665.0,,,
296,five,665.0,,,
297,shutdowns,664.0,,,
298,hospitals,661.0,,,
299,close,660.0,,,
300,came,657.0,,,
301,system,657.0,,,
302,money,656.0,,,
303,r,654.0,,,
304,leaders,653.0,,,
305,hospital,653.0,,,
306,chief,652.0,,,
307,call,652.0,,,
308,games,652.0,,,
309,internet,650.0,,,
310,control,649.0,,,
311,risk,649.0,,,
312,taking,649.0,,,
313,joe,648.0,,,
314,went,648.0,,,
315,texas,648.0,,,
316,restaurants,645.0,,,
317,general,644.0,,,
318,stay,643.0,,,
319,began,636.0,,,
320,millions,635.0,,,
321,published,635.0,,,
322,congress,633.0,,,
323,far,632.0,,,
324,hit,631.0,,,
325,fashion,631.0,,,
326,los,631.0,,,
327,different,630.0,,,
328,well,629.0,,,
329,things,628.0,,,
330,became,627.0,,,
331,put,627.0,,,
332,return,626.0,,,
333,democrats,625.0,,,
334,testing,625.0,,,
335,woman,625.0,,,
336,institutional,625.0,,,
337,known,624.0,,,
338,demonstrations,622.0,,,
339,film,620.0,,,
340,child,615.0,,,
341,yet,615.0,,,
342,plans,614.0,,,
343,cooking,614.0,,,
344,angeles,614.0,,,
345,basketball,613.0,,,
346,saturday,613.0,,,
347,decades,612.0,,,
348,outside,612.0,,,
349,test,610.0,,,
350,labor,609.0,,,
351,something,608.0,,,
352,jr,608.0,,,
353,move,606.0,,,
354,families,602.0,,,
355,according,600.0,,,
356,experts,598.0,,,
357,trying,598.0,,,
358,several,598.0,,,
359,got,597.0,,,
360,told,594.0,,,
361,drug,593.0,,,
362,getting,591.0,,,
363,power,591.0,,,
364,reopen,591.0,,,
365,ny,591.0,,,
366,hong,589.0,,,
367,closed,587.0,,,
368,san,587.0,,,
369,killing,585.0,,,
370,support,584.0,,,
371,officers,583.0,,,
372,often,579.0,,,
373,start,576.0,,,
374,article,576.0,,,
375,service,575.0,,,
376,today,573.0,,,
377,inside,573.0,,,
378,kong,572.0,,,
379,killed,567.0,,,
380,weekend,566.0,,,
381,bill,565.0,,,
382,civil,563.0,,,
383,moment,561.0,,,
384,comes,560.0,,,
385,future,560.0,,,
386,protesters,560.0,,,
387,old,559.0,,,
388,behind,556.0,,,
389,voters,552.0,,,
390,fall,550.0,,,
391,oil,550.0,,,
392,number,550.0,,,
393,university,550.0,,,
394,asked,549.0,,,
395,members,548.0,,,
396,better,547.0,,,
397,human,547.0,,,
398,countries,547.0,,,
399,special,545.0,,,
400,misconduct,545.0,,,
401,billion,543.0,,,
402,cities,541.0,,,
403,unemployment,541.0,,,
404,almost,540.0,,,
405,editor,540.0,,,
406,watch,537.0,,,
407,six,536.0,,,
408,second,536.0,,,
409,documentary,536.0,,,
410,stop,535.0,,,
411,russia,535.0,,,
412,chinese,533.0,,,
413,mother,532.0,,,
414,enough,531.0,,,
415,lost,530.0,,,
416,living,528.0,,,
417,nursing,528.0,,,
418,concerns,527.0,,,
419,april,527.0,,,
420,west,526.0,,,
421,local,526.0,,,
422,later,525.0,,,
423,doctors,525.0,,,
424,rules,521.0,,,
425,ways,521.0,,,
426,shootings,521.0,,,
427,hard,520.0,,,
428,murders,519.0,,,
429,started,518.0,,,
430,ever,518.0,,,
431,report,518.0,,,
432,residents,514.0,,,
433,events,512.0,,,
434,coming,509.0,,,
435,distancing,509.0,,,
436,korea,508.0,,,
437,minister,508.0,,,
438,voting,506.0,,,
439,percent,505.0,,,
440,lot,503.0,,,
441,britain,502.0,,,
442,michael,502.0,,,
443,stories,501.0,,,
444,trade,500.0,,,
445,order,499.0,,,
446,inc,499.0,,,
447,let,498.0,,,
448,tech,498.0,,,
449,kids,497.0,,,
450,less,497.0,,,
451,originally,496.0,,,
452,pop,495.0,,,
453,feel,494.0,,,
454,free,494.0,,,
455,europe,492.0,,,
456,baseball,492.0,,,
457,football,492.0,,,
458,friends,491.0,,,
459,museum,490.0,,,
460,helped,490.0,,,
461,director,490.0,,,
462,dead,489.0,,,
463,street,488.0,,,
464,players,488.0,,,
465,mayor,484.0,,,
466,always,482.0,,,
467,deal,481.0,,,
468,june,481.0,,,
469,star,479.0,,,
470,reopening,478.0,,,
471,study,477.0,,,
472,along,476.0,,,
473,employees,475.0,,,
474,apple,475.0,,,
475,restrictions,474.0,,,
476,riots,474.0,,,
477,florida,473.0,,,
478,readers,472.0,,,
479,decision,472.0,,,
480,comedy,472.0,,,
481,rock,471.0,,,
482,island,471.0,,,
483,hours,470.0,,,
484,room,469.0,,,
485,de,468.0,,,
486,watching,468.0,,,
487,listen,467.0,,,
488,mask,467.0,,,
489,writers,467.0,,,
490,fear,466.0,,,
491,racism,466.0,,,
492,prime,464.0,,,
493,immigration,463.0,,,
494,mobile,463.0,,,
495,india,462.0,,,
496,spring,462.0,,,
497,twitter,461.0,,,
498,racial,461.0,,,
499,community,461.0,,,
500,nyt,461.0,,,
501,building,460.0,,,
502,groups,459.0,,,
503,looking,459.0,,,
504,leader,458.0,,,
505,near,458.0,,,
506,netflix,457.0,,,
507,welcome,457.0,,,
508,force,455.0,,,
509,running,455.0,,,
510,writing,455.0,,,
511,climate,454.0,,,
512,though,454.0,,,
513,girls,453.0,,,
514,turned,452.0,,,
515,authorities,452.0,,,
516,podcasts,451.0,,,
517,colleges,448.0,,,
518,restaurant,448.0,,,
519,republicans,447.0,,,
520,universities,446.0,,,
521,led,446.0,,,
522,front,446.0,,,
523,run,445.0,,,
524,calls,445.0,,,
525,town,445.0,,,
526,positive,445.0,,,
527,services,445.0,,,
528,european,445.0,,,
529,british,444.0,,,
530,air,443.0,,,
531,facebook,443.0,,,
532,large,442.0,,,
533,daily,442.0,,,
534,hundreds,442.0,,,
535,data,441.0,,,
536,personal,439.0,,,
537,central,439.0,,,
538,growing,439.0,,,
539,official,439.0,,,
540,italy,438.0,,,
541,apartment,437.0,,,
542,despite,436.0,,,
543,relations,434.0,,,
544,canceled,432.0,,,
545,give,431.0,,,
546,side,431.0,,,
547,david,430.0,,,
548,point,428.0,,,
549,minneapolis,428.0,,,
550,spent,427.0,,,
551,andrew,426.0,,,
552,pay,425.0,,,
553,biggest,425.0,,,
554,violence,424.0,,,
555,july,424.0,,,
556,held,422.0,,,
557,virtual,422.0,,,
558,private,422.0,,,
559,using,418.0,,,
560,questions,417.0,,,
561,podcast,417.0,,,
562,efforts,413.0,,,
563,game,413.0,,,
564,cookbooks,413.0,,,
565,senator,412.0,,,
566,rates,412.0,,,
567,toward,412.0,,,
568,officer,411.0,,,
569,vice,411.0,,,
570,name,410.0,,,
571,streaming,410.0,,,
572,think,409.0,,,
573,stock,409.0,,,
574,largest,409.0,,,
575,staff,408.0,,,
576,seen,408.0,,,
577,congressional,407.0,,,
578,computers,407.0,,,
579,released,406.0,,,
580,programs,406.0,,,
581,hand,405.0,,,
582,hold,405.0,,,
583,effort,404.0,,,
584,bernie,403.0,,,
585,question,403.0,,,
586,area,402.0,,,
587,orders,402.0,,,
588,fans,401.0,,,
589,paris,400.0,,,
590,tell,400.0,,,
591,modern,400.0,,,
592,streets,400.0,,,
593,inbox,398.0,,,
594,afghanistan,397.0,,,
595,longer,397.0,,,
596,threat,395.0,,,
597,russian,394.0,,,
598,really,394.0,,,
599,son,394.0,,,
600,turn,393.0,,,
601,artists,393.0,,,
602,line,392.0,,,
603,tested,392.0,,,
604,safe,392.0,,,
605,judge,391.0,,,
606,guide,390.0,,,
607,sales,390.0,,,
608,artist,389.0,,,
609,jersey,389.0,,,
610,france,389.0,,,
611,shut,389.0,,,
612,head,388.0,,,
613,protest,386.0,,,
614,mexico,386.0,,,
615,epidemics,386.0,,,
616,facing,385.0,,,
617,recently,385.0,,,
618,east,384.0,,,
619,leading,384.0,,,
620,gov,384.0,,,
621,ahead,383.0,,,
622,everything,382.0,,,
623,must,381.0,,,
624,car,381.0,,,
625,short,378.0,,,
626,capital,378.0,,,
627,makes,377.0,,,
628,anxiety,377.0,,,
629,try,377.0,,,
630,germany,376.0,,,
631,county,376.0,,,
632,lead,376.0,,,
633,cuomo,376.0,,,
634,dance,376.0,,,
635,likely,376.0,,,
636,discrimination,376.0,,,
637,event,375.0,,,
638,paid,375.0,,,
639,full,375.0,,,
640,briefing,375.0,,,
641,taken,375.0,,,
642,primaries,373.0,,,
643,thing,373.0,,,
644,coverage,373.0,,,
645,battle,372.0,,,
646,father,372.0,,,
647,union,372.0,,,
648,takes,371.0,,,
649,leave,370.0,,,
650,receive,369.0,,,
651,lines,368.0,,,
652,treatment,367.0,,,
653,action,367.0,,,
654,changes,365.0,,,
655,french,364.0,,,
656,person,364.0,,,
657,fire,364.0,,,
658,obituary,364.0,,,
659,bank,363.0,,,
660,governor,363.0,,,
661,films,363.0,,,
662,thought,362.0,,,
663,golf,362.0,,,
664,body,361.0,,,
665,protect,361.0,,,
666,role,361.0,,,
667,agency,361.0,,,
668,francisco,361.0,,,
669,needs,360.0,,,
670,ethnicity,360.0,,,
671,policy,359.0,,,
672,johnson,359.0,,,
673,institutions,359.0,,,
674,ended,359.0,,,
675,region,358.0,,,
676,empty,358.0,,,
677,everyone,357.0,,,
678,works,357.0,,,
679,career,357.0,,,
680,insurance,356.0,,,
681,stocks,355.0,,,
682,cut,354.0,,,
683,risks,354.0,,,
684,soon,353.0,,,
685,organization,353.0,,,
686,offer,353.0,,,
687,age,352.0,,,
688,wants,352.0,,,
689,stimulus,351.0,,,
690,shot,351.0,,,
691,airlines,350.0,,,
692,talk,350.0,,,
693,wanted,347.0,,,
694,gear,347.0,,,
695,abuse,346.0,,,
696,heart,346.0,,,
697,museums,346.0,,,
698,pregnancy,346.0,,,
699,prison,345.0,,,
700,bring,345.0,,,
701,protective,344.0,,,
702,scientists,342.0,,,
703,rise,341.0,,,
704,vaccine,341.0,,,
705,drugs,340.0,,,
706,lawmakers,340.0,,,
707,hope,339.0,,,
708,foreign,339.0,,,
709,writer,339.0,,,
710,created,339.0,,,
711,red,338.0,,,
712,bad,338.0,,,
713,infections,338.0,,,
714,host,336.0,,,
715,intelligence,336.0,,,
716,looks,335.0,,,
717,normal,335.0,,,
718,fatalities,335.0,,,
719,faces,332.0,,,
720,kind,332.0,,,
721,wrote,332.0,,,
722,king,331.0,,,
723,finally,330.0,,,
724,stuck,330.0,,,
725,list,329.0,,,
726,instead,329.0,,,
727,polls,328.0,,,
728,device,328.0,,,
729,accused,327.0,,,
730,popular,327.0,,,
731,seemed,327.0,,,
732,mass,326.0,,,
733,clear,326.0,,,
734,subscribe,326.0,,,
735,important,325.0,,,
736,places,325.0,,,
737,half,325.0,,,
738,hear,324.0,,,
739,centers,324.0,,,
740,design,324.0,,,
741,husband,324.0,,,
742,iran,323.0,,,
743,opera,323.0,,,
744,moving,323.0,,,
745,changed,323.0,,,
746,england,323.0,,,
747,forced,322.0,,,
748,alone,322.0,,,
749,vote,321.0,,,
750,secretary,321.0,,,
751,worked,321.0,,,
752,debate,321.0,,,
753,zoom,321.0,,,
754,experience,320.0,,,
755,email,318.0,,,
756,nothing,317.0,,,
757,draft,317.0,,,
758,toll,316.0,,,
759,charged,316.0,,,
760,updates,316.0,,,
761,middle,316.0,,,
762,seattle,315.0,,,
763,saying,315.0,,,
764,james,315.0,,,
765,australia,315.0,,,
766,share,314.0,,,
767,brought,314.0,,,
768,issues,313.0,,,
769,robert,312.0,,,
770,prices,312.0,,,
771,research,312.0,,,
772,struggling,312.0,,,
773,baby,311.0,,,
774,arts,311.0,,,
775,key,310.0,,,
776,needed,310.0,,,
777,shopping,310.0,,,
778,slow,309.0,,,
779,georgia,309.0,,,
780,remain,308.0,,,
781,measures,308.0,,,
782,wall,307.0,,,
783,water,307.0,,,
784,investigation,307.0,,,
785,stars,307.0,,,
786,store,307.0,,,
787,moved,307.0,,,
788,sexual,307.0,,,
789,sleep,306.0,,,
790,border,306.0,,,
791,wife,305.0,,,
792,science,305.0,,,
793,michigan,305.0,,,
794,quickly,305.0,,,
795,means,303.0,,,
796,author,303.0,,,
797,ready,302.0,,,
798,exercise,302.0,,,
799,tax,302.0,,,
800,worst,302.0,,,
801,gas,302.0,,,
802,miles,301.0,,,
803,digital,301.0,,,
804,win,300.0,,,
805,doctor,300.0,,,
806,advertising,300.0,,,
807,road,299.0,,,
808,reality,299.0,,,
809,properties,299.0,,,
810,church,298.0,,,
811,goes,295.0,,,
812,tour,294.0,,,
813,words,294.0,,,
814,conditions,294.0,,,
815,ties,293.0,,,
816,era,293.0,,,
817,apparel,293.0,,,
818,gets,292.0,,,
819,pressure,292.0,,,
820,surge,291.0,,,
821,sent,291.0,,,
822,governors,291.0,,,
823,charges,291.0,,,
824,sick,290.0,,,
825,able,290.0,,,
826,attack,290.0,,,
827,vacations,290.0,,,
828,attention,289.0,,,
829,tennis,289.0,,,
830,stress,289.0,,,
831,spotify,289.0,,,
832,environment,288.0,,,
833,carolina,287.0,,,
834,gone,287.0,,,
835,record,286.0,,,
836,stage,286.0,,,
837,commercial,286.0,,,
838,fears,286.0,,,
839,given,286.0,,,
840,beijing,285.0,,,
841,friend,285.0,,,
842,course,285.0,,,
843,sometimes,285.0,,,
844,yorkers,284.0,,,
845,coast,284.0,,,
846,reserve,284.0,,,
847,layoffs,283.0,,,
848,attorney,283.0,,,
849,attempted,283.0,,,
850,avoid,282.0,,,
851,offers,281.0,,,
852,actors,280.0,,,
853,legal,280.0,,,
854,expected,280.0,,,
855,push,279.0,,,
856,light,279.0,,,
857,idea,279.0,,,
858,possible,279.0,,,
859,within,279.0,,,
860,depression,279.0,,,
861,wearing,279.0,,,
862,fighting,278.0,,,
863,learning,278.0,,,
864,critics,278.0,,,
865,areas,277.0,,,
866,caucuses,277.0,,,
867,technology,277.0,,,
868,recession,276.0,,,
869,warming,275.0,,,
870,knew,275.0,,,
871,evidence,275.0,,,
872,century,274.0,,,
873,planned,274.0,,,
874,especially,274.0,,,
875,legislation,274.0,,,
876,japan,273.0,,,
877,sex,273.0,,,
878,save,273.0,,,
879,criminal,273.0,,,
880,seeking,273.0,,,
881,starting,273.0,,,
882,chicago,273.0,,,
883,stephen,272.0,,,
884,third,272.0,,,
885,bonds,272.0,,,
886,step,272.0,,,
887,couple,272.0,,,
888,challenge,272.0,,,
889,daughter,271.0,,,
890,mike,271.0,,,
891,isolation,271.0,,,
892,abortion,270.0,,,
893,hands,270.0,,,
894,begin,269.0,,,
895,amazon,269.0,,,
896,neighborhood,269.0,,,
897,worth,269.0,,,
898,information,269.0,,,
899,opinion,269.0,,,
900,opened,268.0,,,
901,infection,268.0,,,
902,opening,267.0,,,
903,dark,267.0,,,
904,bars,267.0,,,
905,sense,267.0,,,
906,maybe,266.0,,,
907,mark,266.0,,,
908,caused,266.0,,,
909,hot,266.0,,,
910,inequality,266.0,,,
911,tom,265.0,,,
912,faced,265.0,,,
913,tried,265.0,,,
914,childbirth,265.0,,,
915,convention,264.0,,,
916,workplace,263.0,,,
917,phone,263.0,,,
918,chance,263.0,,,
919,instagram,263.0,,,
920,saw,263.0,,,
921,atlanta,263.0,,,
922,income,263.0,,,
923,missing,262.0,,,
924,learn,262.0,,,
925,german,262.0,,,
926,demand,261.0,,,
927,beginning,261.0,,,
928,older,261.0,,,
929,owners,261.0,,,
930,decided,260.0,,,
931,nations,260.0,,,
932,ask,259.0,,,
933,post,259.0,,,
934,rare,259.0,,,
935,criticism,259.0,,,
936,probably,258.0,,,
937,critic,258.0,,,
938,lets,258.0,,,
939,reading,258.0,,,
940,student,257.0,,,
941,attacks,257.0,,,
942,message,257.0,,,
943,queens,257.0,,,
944,murder,257.0,,,
945,giving,256.0,,,
946,shooting,256.0,,,
947,numbers,256.0,,,
948,follow,256.0,,,
949,village,256.0,,,
950,easy,256.0,,,
951,class,255.0,,,
952,break,255.0,,,
953,crimes,255.0,,,
954,broadway,255.0,,,
955,festival,255.0,,,
956,communities,255.0,,,
957,google,254.0,,,
958,obama,254.0,,,
959,deadly,254.0,,,
960,essential,254.0,,,
961,meet,254.0,,,
962,potential,253.0,,,
963,continue,253.0,,,
964,lower,253.0,,,
965,bar,253.0,,,
966,project,253.0,,,
967,claims,253.0,,,
968,ii,253.0,,,
969,reported,253.0,,,
970,benefits,252.0,,,
971,olympic,252.0,,,
972,field,252.0,,,
973,hair,251.0,,,
974,rising,251.0,,,
975,seems,251.0,,,
976,jimmy,251.0,,,
977,ventilators,251.0,,,
978,israel,250.0,,,
979,gave,250.0,,,
980,price,250.0,,,
981,production,250.0,,,
982,minutes,250.0,,,
983,beyond,249.0,,,
984,anyone,249.0,,,
985,seem,249.0,,,
986,met,249.0,,,
987,cultural,249.0,,,
988,committee,249.0,,,
989,wear,249.0,,,
990,spending,249.0,,,
991,ones,249.0,,,
992,trip,248.0,,,
993,provide,248.0,,,
994,familiar,248.0,,,
995,relationship,248.0,,,
996,markets,247.0,,,
997,heard,247.0,,,
998,someone,247.0,,,
999,final,247.0,,,
0,new,,14701.0,,
1,trump,,7178.0,,
2,york,,6809.0,,
3,one,,5918.0,,
4,said,,5841.0,,
5,donald,,5374.0,,
6,presidential,,5353.0,,
7,election,,4621.0,,
8,city,,4574.0,,
9,two,,4397.0,,
10,years,,4093.0,,
11,first,,4043.0,,
12,people,,3835.0,,
13,would,,3817.0,,
14,week,,3792.0,,
15,state,,3792.0,,
16,last,,3672.0,,
17,united,,3606.0,,
18,world,,3533.0,,
19,clinton,,3512.0,,
20,states,,3491.0,,
21,president,,3385.0,,
22,like,,3279.0,,
23,police,,3268.0,,
24,music,,3080.0,,
25,art,,3036.0,,
26,national,,2963.0,,
27,year,,2934.0,,
28,american,,2888.0,,
29,republican,,2797.0,,
30,may,,2792.0,,
31,time,,2765.0,,
32,times,,2724.0,,
33,hillary,,2701.0,,
34,tuesday,,2590.0,,
35,could,,2517.0,,
36,company,,2487.0,,
37,court,,2425.0,,
38,many,,2423.0,,
39,obama,,2322.0,,
40,home,,2312.0,,
41,theater,,2286.0,,
42,party,,2278.0,,
43,fashion,,2252.0,,
44,review,,2221.0,,
45,thursday,,2200.0,,
46,china,,2158.0,,
47,country,,2148.0,,
48,day,,2120.0,,
49,government,,2109.0,,
50,three,,2066.0,,
51,house,,2055.0,,
52,show,,2048.0,,
53,washington,,2039.0,,
54,wednesday,,2011.0,,
55,man,,1989.0,,
56,long,,1979.0,,
57,books,,1970.0,,
58,news,,1949.0,,
59,even,,1899.0,,
60,life,,1894.0,,
61,monday,,1883.0,,
62,campaign,,1871.0,,
63,women,,1862.0,,
64,former,,1852.0,,
65,political,,1851.0,,
66,back,,1837.0,,
67,night,,1837.0,,
68,made,,1836.0,,
69,public,,1827.0,,
70,manhattan,,1808.0,,
71,group,,1808.0,,
72,brooklyn,,1805.0,,
73,war,,1804.0,,
74,convention,,1769.0,,
75,friday,,1743.0,,
76,real,,1731.0,,
77,john,,1727.0,,
78,work,,1721.0,,
79,london,,1698.0,,
80,j,,1698.0,,
81,make,,1692.0,,
82,also,,1668.0,,
83,european,,1665.0,,
84,britain,,1657.0,,
85,season,,1652.0,,
86,way,,1651.0,,
87,democratic,,1625.0,,
88,men,,1618.0,,
89,says,,1616.0,,
90,bill,,1615.0,,
91,baseball,,1606.0,,
92,michael,,1600.0,,
93,david,,1592.0,,
94,since,,1592.0,,
95,television,,1583.0,,
96,around,,1583.0,,
97,international,,1576.0,,
98,officials,,1571.0,,
99,federal,,1565.0,,
100,get,,1559.0,,
101,million,,1549.0,,
102,great,,1545.0,,
103,paris,,1532.0,,
104,movies,,1518.0,,
105,film,,1508.0,,
106,still,,1500.0,,
107,family,,1488.0,,
108,children,,1486.0,,
109,center,,1483.0,,
110,sanders,,1481.0,,
111,media,,1480.0,,
112,museum,,1469.0,,
113,ago,,1465.0,,
114,much,,1451.0,,
115,de,,1448.0,,
116,us,,1435.0,,
117,say,,1431.0,,
118,north,,1429.0,,
119,south,,1425.0,,
120,literature,,1422.0,,
121,series,,1411.0,,
122,case,,1404.0,,
123,sunday,,1401.0,,
124,estate,,1400.0,,
125,team,,1398.0,,
126,law,,1393.0,,
127,black,,1390.0,,
128,inc,,1389.0,,
129,financial,,1380.0,,
130,take,,1378.0,,
131,four,,1368.0,,
132,next,,1365.0,,
133,part,,1363.0,,
134,game,,1347.0,,
135,street,,1339.0,,
136,young,,1335.0,,
137,found,,1330.0,,
138,ny,,1328.0,,
139,big,,1327.0,,
140,basketball,,1309.0,,
141,white,,1299.0,,
142,school,,1289.0,,
143,murders,,1283.0,,
144,union,,1281.0,,
145,another,,1274.0,,
146,recent,,1269.0,,
147,among,,1256.0,,
148,play,,1242.0,,
149,supreme,,1227.0,,
150,died,,1225.0,,
151,housing,,1218.0,,
152,help,,1214.0,,
153,college,,1213.0,,
154,set,,1211.0,,
155,island,,1196.0,,
156,history,,1188.0,,
157,death,,1186.0,,
158,west,,1181.0,,
159,department,,1168.0,,
160,east,,1168.0,,
161,british,,1166.0,,
162,rights,,1163.0,,
163,health,,1158.0,,
164,days,,1157.0,,
165,america,,1153.0,,
166,killed,,1124.0,,
167,race,,1123.0,,
168,called,,1123.0,,
169,france,,1119.0,,
170,senator,,1116.0,,
171,including,,1115.0,,
172,attacks,,1103.0,,
173,park,,1101.0,,
174,games,,1094.0,,
175,five,,1092.0,,
176,high,,1090.0,,
177,military,,1089.0,,
178,deal,,1085.0,,
179,summer,,1084.0,,
180,known,,1080.0,,
181,director,,1074.0,,
182,left,,1072.0,,
183,travel,,1071.0,,
184,san,,1066.0,,
185,become,,1062.0,,
186,deaths,,1062.0,,
187,look,,1058.0,,
188,end,,1057.0,,
189,woman,,1050.0,,
190,james,,1047.0,,
191,social,,1046.0,,
192,university,,1044.0,,
193,book,,1041.0,,
194,little,,1040.0,,
195,go,,1040.0,,
196,month,,1040.0,,
197,least,,1032.0,,
198,announced,,1022.0,,
199,shooting,,1021.0,,
200,might,,1019.0,,
201,bernie,,1018.0,,
202,chief,,1016.0,,
203,business,,1016.0,,
204,movie,,1014.0,,
205,security,,1006.0,,
206,attack,,998.0,,
207,open,,997.0,,
208,french,,997.0,,
209,saturday,,996.0,,
210,early,,989.0,,
211,good,,988.0,,
212,power,,985.0,,
213,whose,,985.0,,
214,took,,982.0,,
215,top,,982.0,,
216,food,,972.0,,
217,executive,,970.0,,
218,festival,,970.0,,
219,shows,,970.0,,
220,see,,966.0,,
221,well,,956.0,,
222,cruz,,953.0,,
223,months,,952.0,,
224,politics,,950.0,,
225,come,,947.0,,
226,right,,947.0,,
227,second,,944.0,,
228,companies,,939.0,,
229,use,,939.0,,
230,often,,936.0,,
231,restaurant,,934.0,,
232,best,,930.0,,
233,love,,927.0,,
234,residential,,926.0,,
235,judge,,925.0,,
236,every,,922.0,,
237,money,,918.0,,
238,billion,,914.0,,
239,program,,913.0,,
240,behind,,910.0,,
241,major,,908.0,,
242,bank,,906.0,,
243,past,,905.0,,
244,market,,905.0,,
245,place,,898.0,,
246,decades,,893.0,,
247,march,,892.0,,
248,across,,890.0,,
249,primary,,884.0,,
250,general,,884.0,,
251,editor,,883.0,,
252,side,,881.0,,
253,never,,880.0,,
254,used,,880.0,,
255,know,,879.0,,
256,latest,,879.0,,
257,vote,,874.0,,
258,syria,,871.0,,
259,video,,869.0,,
260,nearly,,863.0,,
261,officers,,859.0,,
262,small,,856.0,,
263,soccer,,856.0,,
264,paul,,854.0,,
265,europe,,854.0,,
266,old,,850.0,,
267,july,,845.0,,
268,system,,844.0,,
269,andrew,,842.0,,
270,chinese,,839.0,,
271,according,,837.0,,
272,whether,,837.0,,
273,ted,,832.0,,
274,without,,832.0,,
275,live,,832.0,,
276,came,,832.0,,
277,change,,827.0,,
278,orlando,,826.0,,
279,minister,,822.0,,
280,republicans,,821.0,,
281,several,,821.0,,
282,mets,,819.0,,
283,find,,818.0,,
284,june,,815.0,,
285,less,,814.0,,
286,control,,814.0,,
287,justice,,813.0,,
288,obituaries,,810.0,,
289,making,,808.0,,
290,california,,804.0,,
291,morning,,802.0,,
292,star,,798.0,,
293,global,,798.0,,
294,care,,794.0,,
295,los,,793.0,,
296,islamic,,793.0,,
297,russia,,791.0,,
298,apparel,,789.0,,
299,tv,,787.0,,
300,leader,,786.0,,
301,members,,786.0,,
302,others,,785.0,,
303,lead,,784.0,,
304,debate,,777.0,,
305,arts,,776.0,,
306,far,,775.0,,
307,report,,773.0,,
308,story,,765.0,,
309,dies,,764.0,,
310,crisis,,764.0,,
311,face,,763.0,,
312,attempted,,763.0,,
313,win,,762.0,,
314,sports,,757.0,,
315,drug,,756.0,,
316,service,,756.0,,
317,education,,754.0,,
318,nation,,753.0,,
319,yankees,,753.0,,
320,voters,,748.0,,
321,angeles,,748.0,,
322,industry,,747.0,,
323,human,,745.0,,
324,trade,,743.0,,
325,leave,,740.0,,
326,away,,738.0,,
327,plan,,738.0,,
328,want,,738.0,,
329,space,,737.0,,
330,water,,737.0,,
331,office,,736.0,,
332,final,,732.0,,
333,near,,731.0,,
334,run,,729.0,,
335,trying,,727.0,,
336,students,,725.0,,
337,began,,723.0,,
338,things,,722.0,,
339,pay,,722.0,,
340,april,,721.0,,
341,leaders,,720.0,,
342,opera,,718.0,,
343,administration,,718.0,,
344,restaurants,,716.0,,
345,role,,715.0,,
346,late,,715.0,,
347,better,,711.0,,
348,central,,711.0,,
349,fight,,709.0,,
350,mark,,709.0,,
351,robert,,708.0,,
352,put,,708.0,,
353,led,,707.0,,
354,questions,,707.0,,
355,move,,704.0,,
356,forces,,704.0,,
357,ice,,704.0,,
358,future,,702.0,,
359,brussels,,702.0,,
360,lives,,701.0,,
361,need,,696.0,,
362,today,,695.0,,
363,apple,,694.0,,
364,gun,,694.0,,
365,percent,,693.0,,
366,korea,,692.0,,
367,internet,,690.0,,
368,players,,688.0,,
369,almost,,688.0,,
370,gay,,687.0,,
371,something,,683.0,,
372,officer,,680.0,,
373,artist,,679.0,,
374,brexit,,679.0,,
375,taking,,679.0,,
376,weeks,,678.0,,
377,spring,,676.0,,
378,chicago,,674.0,,
379,going,,673.0,,
380,support,,673.0,,
381,six,,672.0,,
382,culture,,672.0,,
383,civil,,670.0,,
384,start,,669.0,,
385,defense,,667.0,,
386,building,,667.0,,
387,nations,,666.0,,
388,turkey,,665.0,,
389,americans,,664.0,,
390,private,,664.0,,
391,name,,662.0,,
392,economic,,660.0,,
393,line,,659.0,,
394,modern,,656.0,,
395,running,,656.0,,
396,comes,,655.0,,
397,along,,655.0,,
398,senate,,653.0,,
399,yet,,653.0,,
400,prime,,652.0,,
401,career,,651.0,,
402,capital,,649.0,,
403,league,,647.0,,
404,technology,,647.0,,
405,room,,646.0,,
406,works,,645.0,,
407,germany,,644.0,,
408,policy,,643.0,,
409,hall,,642.0,,
410,texas,,642.0,,
411,lost,,641.0,,
412,nominee,,640.0,,
413,plans,,638.0,,
414,online,,636.0,,
415,recently,,634.0,,
416,takes,,632.0,,
417,richard,,630.0,,
418,broadway,,629.0,,
419,cleveland,,628.0,,
420,head,,626.0,,
421,air,,624.0,,
422,call,,623.0,,
423,prison,,622.0,,
424,terrorism,,622.0,,
425,homicides,,622.0,,
426,mayor,,621.0,,
427,rodham,,621.0,,
428,dance,,620.0,,
429,father,,620.0,,
430,official,,620.0,,
431,hit,,618.0,,
432,age,,616.0,,
433,close,,615.0,,
434,facebook,,614.0,,
435,became,,614.0,,
436,shot,,613.0,,
437,toward,,613.0,,
438,olympic,,613.0,,
439,vacations,,611.0,,
440,sea,,610.0,,
441,study,,610.0,,
442,makes,,608.0,,
443,jersey,,607.0,,
444,francisco,,607.0,,
445,held,,606.0,,
446,energy,,605.0,,
447,enough,,604.0,,
448,fall,,603.0,,
449,workers,,600.0,,
450,economy,,600.0,,
451,sam,,600.0,,
452,later,,599.0,,
453,battle,,598.0,,
454,keep,,597.0,,
455,foreign,,596.0,,
456,red,,596.0,,
457,released,,595.0,,
458,nomination,,595.0,,
459,stephen,,593.0,,
460,tribune,,593.0,,
461,dead,,591.0,,
462,mother,,591.0,,
463,legal,,590.0,,
464,accused,,590.0,,
465,stage,,589.0,,
466,florida,,589.0,,
467,number,,589.0,,
468,asked,,589.0,,
469,decision,,589.0,,
470,violence,,588.0,,
471,rules,,588.0,,
472,child,,586.0,,
473,candidate,,586.0,,
474,effort,,584.0,,
475,banking,,584.0,,
476,hours,,584.0,,
477,met,,583.0,,
478,middle,,581.0,,
479,ever,,578.0,,
480,together,,576.0,,
481,outside,,576.0,,
482,field,,575.0,,
483,victory,,574.0,,
484,give,,571.0,,
485,thousands,,570.0,,
486,agency,,569.0,,
487,wall,,569.0,,
488,safety,,568.0,,
489,free,,567.0,,
490,played,,567.0,,
491,though,,566.0,,
492,thomas,,565.0,,
493,tennis,,565.0,,
494,turned,,565.0,,
495,musical,,564.0,,
496,russian,,563.0,,
497,football,,562.0,,
498,already,,562.0,,
499,town,,561.0,,
500,dancing,,561.0,,
501,told,,559.0,,
502,herald,,559.0,,
503,act,,558.0,,
504,tax,,557.0,,
505,brazil,,555.0,,
506,helped,,554.0,,
507,think,,554.0,,
508,authorities,,553.0,,
509,immigration,,550.0,,
510,gov,,549.0,,
511,charges,,549.0,,
512,institutions,,549.0,,
513,zika,,548.0,,
514,iraq,,548.0,,
515,fans,,547.0,,
516,despite,,547.0,,
517,speech,,544.0,,
518,transgender,,543.0,,
519,democrats,,542.0,,
520,issues,,541.0,,
521,beijing,,540.0,,
522,went,,540.0,,
523,sex,,539.0,,
524,williams,,539.0,,
525,oil,,537.0,,
526,israel,,536.0,,
527,working,,536.0,,
528,fire,,535.0,,
529,personal,,535.0,,
530,job,,534.0,,
531,killing,,533.0,,
532,different,,533.0,,
533,congress,,533.0,,
534,car,,531.0,,
535,nuclear,,530.0,,
536,investigation,,530.0,,
537,la,,530.0,,
538,shootings,,530.0,,
539,jobs,,529.0,,
540,inside,,528.0,,
541,question,,527.0,,
542,local,,527.0,,
543,village,,526.0,,
544,let,,524.0,,
545,hard,,524.0,,
546,william,,523.0,,
547,mike,,523.0,,
548,england,,523.0,,
549,looks,,522.0,,
550,stories,,522.0,,
551,board,,519.0,,
552,seen,,519.0,,
553,point,,519.0,,
554,hong,,519.0,,
555,force,,518.0,,
556,third,,518.0,,
557,opened,,518.0,,
558,coming,,517.0,,
559,guide,,516.0,,
560,families,,515.0,,
561,weekend,,515.0,,
562,bad,,512.0,,
563,offer,,512.0,,
564,growing,,512.0,,
565,readers,,511.0,,
566,novel,,511.0,,
567,philadelphia,,511.0,,
568,record,,509.0,,
569,leading,,509.0,,
570,wife,,509.0,,
571,primaries,,509.0,,
572,area,,509.0,,
573,blasio,,508.0,,
574,documentary,,507.0,,
575,virus,,504.0,,
576,getting,,504.0,,
577,candidates,,503.0,,
578,looking,,503.0,,
579,kong,,502.0,,
580,rock,,501.0,,
581,parents,,501.0,,
582,stop,,499.0,,
583,editorials,,499.0,,
584,labor,,499.0,,
585,club,,499.0,,
586,george,,498.0,,
587,countries,,497.0,,
588,talk,,496.0,,
589,return,,496.0,,
590,popular,,495.0,,
591,calls,,494.0,,
592,conference,,491.0,,
593,africa,,491.0,,
594,event,,491.0,,
595,cultural,,491.0,,
596,author,,490.0,,
597,hockey,,489.0,,
598,committee,,489.0,,
599,project,,487.0,,
600,mass,,487.0,,
601,queens,,486.0,,
602,ballet,,486.0,,
603,schools,,485.0,,
604,largest,,485.0,,
605,sent,,485.0,,
606,insurance,,484.0,,
607,photography,,484.0,,
608,protests,,483.0,,
609,half,,483.0,,
610,ryan,,481.0,,
611,comedy,,480.0,,
612,sometimes,,479.0,,
613,sales,,478.0,,
614,student,,478.0,,
615,girls,,478.0,,
616,son,,477.0,,
617,pop,,477.0,,
618,german,,477.0,,
619,performance,,476.0,,
620,turn,,475.0,,
621,charged,,475.0,,
622,album,,475.0,,
623,pp,,474.0,,
624,offers,,473.0,,
625,japan,,473.0,,
626,hotel,,472.0,,
627,eric,,471.0,,
628,likely,,470.0,,
629,list,,468.0,,
630,india,,467.0,,
631,interest,,467.0,,
632,scott,,467.0,,
633,always,,467.0,,
634,opening,,466.0,,
635,playing,,466.0,,
636,meeting,,466.0,,
637,expected,,466.0,,
638,residents,,464.0,,
639,carolina,,463.0,,
640,saying,,463.0,,
641,title,,463.0,,
642,large,,463.0,,
643,amid,,462.0,,
644,research,,462.0,,
645,cooking,,460.0,,
646,moment,,459.0,,
647,rio,,458.0,,
648,collection,,458.0,,
649,living,,458.0,,
650,joe,,457.0,,
651,started,,457.0,,
652,peter,,456.0,,
653,using,,455.0,,
654,taken,,455.0,,
655,afghanistan,,454.0,,
656,body,,454.0,,
657,reports,,453.0,,
658,mexico,,453.0,,
659,events,,453.0,,
660,full,,452.0,,
661,iran,,452.0,,
662,awards,,452.0,,
663,design,,452.0,,
664,designer,,451.0,,
665,beach,,451.0,,
666,spent,,451.0,,
667,saudi,,449.0,,
668,got,,448.0,,
669,trip,,447.0,,
670,efforts,,445.0,,
671,daughter,,445.0,,
672,thing,,445.0,,
673,barack,,445.0,,
674,golf,,443.0,,
675,bronx,,443.0,,
676,elections,,443.0,,
677,seven,,443.0,,
678,ways,,442.0,,
679,airport,,441.0,,
680,bar,,441.0,,
681,annual,,440.0,,
682,adam,,439.0,,
683,criminal,,439.0,,
684,try,,438.0,,
685,important,,438.0,,
686,given,,438.0,,
687,seems,,438.0,,
688,grand,,437.0,,
689,information,,437.0,,
690,steven,,436.0,,
691,based,,436.0,,
692,tour,,435.0,,
693,sale,,435.0,,
694,ben,,434.0,,
695,fund,,434.0,,
696,heart,,433.0,,
697,lot,,433.0,,
698,district,,432.0,,
699,trial,,432.0,,
700,google,,431.0,,
701,cancer,,431.0,,
702,changes,,431.0,,
703,ii,,431.0,,
704,visit,,430.0,,
705,abuse,,429.0,,
706,brought,,428.0,,
707,critics,,427.0,,
708,created,,427.0,,
709,must,,426.0,,
710,valley,,426.0,,
711,groups,,426.0,,
712,short,,425.0,,
713,movement,,424.0,,
714,murder,,424.0,,
715,services,,423.0,,
716,ohio,,423.0,,
717,ahead,,423.0,,
718,light,,422.0,,
719,stars,,422.0,,
720,seemed,,422.0,,
721,thought,,421.0,,
722,church,,421.0,,
723,tournament,,420.0,,
724,friends,,419.0,,
725,colleges,,419.0,,
726,data,,417.0,,
727,really,,416.0,,
728,named,,415.0,,
729,childhood,,414.0,,
730,attention,,414.0,,
731,green,,413.0,,
732,era,,413.0,,
733,cuba,,412.0,,
734,artists,,412.0,,
735,millions,,412.0,,
736,network,,412.0,,
737,archives,,412.0,,
738,potential,,411.0,,
739,faces,,411.0,,
740,italy,,411.0,,
741,square,,411.0,,
742,soon,,411.0,,
743,secretary,,410.0,,
744,avenue,,410.0,,
745,include,,410.0,,
746,round,,410.0,,
747,step,,409.0,,
748,climate,,408.0,,
749,biggest,,408.0,,
750,kind,,408.0,,
751,buy,,407.0,,
752,homes,,407.0,,
753,golden,,407.0,,
754,watch,,406.0,,
755,manager,,406.0,,
756,region,,405.0,,
757,isis,,404.0,,
758,problem,,404.0,,
759,fox,,403.0,,
760,elizabeth,,403.0,,
761,husband,,403.0,,
762,nyc,,403.0,,
763,river,,402.0,,
764,christopher,,402.0,,
765,refugees,,400.0,,
766,medical,,399.0,,
767,rise,,399.0,,
768,lower,,399.0,,
769,coach,,399.0,,
770,miles,,399.0,,
771,hundreds,,399.0,,
772,neighborhood,,399.0,,
773,possible,,397.0,,
774,crimes,,397.0,,
775,hope,,396.0,,
776,words,,396.0,,
777,order,,396.0,,
778,tech,,395.0,,
779,plays,,395.0,,
780,championship,,395.0,,
781,roberts,,395.0,,
782,sexual,,394.0,,
783,misconduct,,394.0,,
784,eight,,394.0,,
785,king,,392.0,,
786,features,,392.0,,
787,couple,,391.0,,
788,jonathan,,391.0,,
789,debt,,391.0,,
790,gave,,390.0,,
791,writer,,389.0,,
792,front,,389.0,,
793,chris,,389.0,,
794,giant,,389.0,,
795,community,,389.0,,
796,production,,389.0,,
797,talks,,387.0,,
798,beyond,,387.0,,
799,banks,,386.0,,
800,reporters,,386.0,,
801,chance,,386.0,,
802,goes,,385.0,,
803,twitter,,385.0,,
804,science,,385.0,,
805,action,,385.0,,
806,advertising,,385.0,,
807,southern,,384.0,,
808,tried,,383.0,,
809,instead,,383.0,,
810,loss,,382.0,,
811,jazz,,382.0,,
812,process,,382.0,,
813,afternoon,,381.0,,
814,wanted,,380.0,,
815,feel,,380.0,,
816,tim,,379.0,,
817,gets,,378.0,,
818,seem,,378.0,,
819,hamilton,,378.0,,
820,charles,,377.0,,
821,road,,376.0,,
822,press,,376.0,,
823,evening,,376.0,,
824,reality,,375.0,,
825,clear,,375.0,,
826,ali,,375.0,,
827,films,,375.0,,
828,polls,,374.0,,
829,louis,,374.0,,
830,gas,,373.0,,
831,c,,373.0,,
832,test,,372.0,,
833,friend,,372.0,,
834,tony,,371.0,,
835,crime,,371.0,,
836,intelligence,,370.0,,
837,leaving,,369.0,,
838,player,,369.0,,
839,singer,,369.0,,
840,received,,369.0,,
841,evidence,,368.0,,
842,view,,368.0,,
843,martin,,367.0,,
844,challenge,,367.0,,
845,anthony,,367.0,,
846,metropolitan,,367.0,,
847,governor,,366.0,,
848,female,,366.0,,
849,county,,366.0,,
850,century,,366.0,,
851,commercial,,365.0,,
852,facing,,365.0,,
853,arrested,,364.0,,
854,contemporary,,364.0,,
855,victims,,364.0,,
856,investors,,364.0,,
857,organization,,364.0,,
858,problems,,363.0,,
859,universities,,363.0,,
860,gallery,,362.0,,
861,raised,,361.0,,
862,course,,361.0,,
863,upper,,361.0,,
864,firm,,361.0,,
865,italian,,361.0,,
866,actor,,361.0,,
867,share,,361.0,,
868,boy,,360.0,,
869,sign,,360.0,,
870,matter,,360.0,,
871,computers,,359.0,,
872,focus,,358.0,,
873,finally,,358.0,,
874,create,,357.0,,
875,appeared,,357.0,,
876,photographer,,356.0,,
877,arabia,,356.0,,
878,class,,356.0,,
879,western,,356.0,,
880,character,,355.0,,
881,nothing,,355.0,,
882,scene,,354.0,,
883,rare,,354.0,,
884,alan,,354.0,,
885,johnson,,354.0,,
886,patrick,,353.0,,
887,success,,353.0,,
888,brutality,,353.0,,
889,jack,,352.0,,
890,bring,,352.0,,
891,parties,,352.0,,
892,fighting,,351.0,,
893,seeking,,351.0,,
894,opinion,,351.0,,
895,prosecutors,,350.0,,
896,returns,,349.0,,
897,style,,349.0,,
898,insider,,348.0,,
899,hold,,348.0,,
900,rally,,348.0,,
901,wants,,347.0,,
902,piece,,347.0,,
903,army,,346.0,,
904,form,,346.0,,
905,claims,,345.0,,
906,jim,,345.0,,
907,exhibition,,345.0,,
908,chef,,345.0,,
909,within,,344.0,,
910,warriors,,344.0,,
911,supporters,,344.0,,
912,finds,,343.0,,
913,strong,,343.0,,
914,ground,,343.0,,
915,hospital,,343.0,,
916,wrote,,343.0,,
917,brown,,342.0,,
918,sense,,342.0,,
919,terrorist,,342.0,,
920,debut,,341.0,,
921,join,,341.0,,
922,failed,,341.0,,
923,store,,341.0,,
924,relations,,340.0,,
925,delegates,,340.0,,
926,bay,,340.0,,
927,longer,,340.0,,
928,disease,,340.0,,
929,programs,,340.0,,
930,current,,340.0,,
931,prices,,339.0,,
932,voting,,339.0,,
933,nicholas,,339.0,,
934,results,,338.0,,
935,message,,337.0,,
936,song,,337.0,,
937,girl,,337.0,,
938,reading,,336.0,,
939,computer,,336.0,,
940,concert,,336.0,,
941,voice,,336.0,,
942,runs,,336.0,,
943,convicted,,336.0,,
944,perhaps,,336.0,,
945,person,,335.0,,
946,abortion,,335.0,,
947,corruption,,335.0,,
948,drama,,335.0,,
949,member,,335.0,,
950,earlier,,335.0,,
951,lawyer,,334.0,,
952,laws,,334.0,,
953,idea,,333.0,,
954,break,,333.0,,
955,special,,333.0,,
956,teams,,332.0,,
957,cut,,332.0,,
958,apartment,,332.0,,
959,cases,,332.0,,
960,shares,,331.0,,
961,lawmakers,,331.0,,
962,experts,,331.0,,
963,matt,,331.0,,
964,museums,,331.0,,
965,reported,,330.0,,
966,ruling,,330.0,,
967,meet,,329.0,,
968,site,,329.0,,
969,secret,,328.0,,
970,risk,,328.0,,
971,showed,,328.0,,
972,interview,,327.0,,
973,tell,,327.0,,
974,read,,327.0,,
975,dan,,327.0,,
976,host,,326.0,,
977,e,,326.0,,
978,following,,326.0,,
979,virginia,,325.0,,
980,offering,,325.0,,
981,growth,,324.0,,
982,historic,,323.0,,
983,dallas,,323.0,,
984,november,,323.0,,
985,owner,,322.0,,
986,english,,322.0,,
987,olympics,,321.0,,
988,radio,,321.0,,
989,credit,,320.0,,
990,discuss,,320.0,,
991,mergers,,320.0,,
992,deep,,319.0,,
993,conservative,,319.0,,
994,blue,,319.0,,
995,access,,318.0,,
996,cast,,318.0,,
997,photos,,318.0,,
998,issue,,318.0,,
999,assault,,317.0,,
0,new,,,19961.0,
1,york,,,8139.0,
2,one,,,7651.0,
3,said,,,6670.0,
4,united,,,6135.0,
5,states,,,5934.0,
6,first,,,5666.0,
7,two,,,5642.0,
8,city,,,5578.0,
9,president,,,5366.0,
10,last,,,5123.0,
11,would,,,4867.0,
12,obama,,,4679.0,
13,years,,,4618.0,
14,state,,,4423.0,
15,government,,,4164.0,
16,like,,,4111.0,
17,week,,,4015.0,
18,year,,,3998.0,
19,time,,,3975.0,
20,world,,,3941.0,
21,people,,,3794.0,
22,american,,,3757.0,
23,may,,,3704.0,
24,romney,,,3696.0,
25,music,,,3558.0,
26,day,,,3519.0,
27,company,,,3404.0,
28,tuesday,,,3401.0,
29,election,,,3313.0,
30,games,,,3246.0,
31,presidential,,,3227.0,
32,could,,,3123.0,
33,court,,,3054.0,
34,thursday,,,2990.0,
35,monday,,,2948.0,
36,many,,,2928.0,
37,news,,,2927.0,
38,national,,,2914.0,
39,wednesday,,,2816.0,
40,health,,,2794.0,
41,three,,,2781.0,
42,art,,,2774.0,
43,international,,,2750.0,
44,friday,,,2735.0,
45,public,,,2724.0,
46,women,,,2692.0,
47,team,,,2676.0,
48,olympic,,,2670.0,
49,federal,,,2661.0,
50,former,,,2588.0,
51,home,,,2569.0,
52,campaign,,,2567.0,
53,washington,,,2486.0,
54,country,,,2483.0,
55,mitt,,,2463.0,
56,even,,,2460.0,
57,theater,,,2460.0,
58,college,,,2459.0,
59,night,,,2441.0,
60,show,,,2418.0,
61,group,,,2416.0,
62,china,,,2415.0,
63,make,,,2412.0,
64,made,,,2412.0,
65,game,,,2379.0,
66,basketball,,,2368.0,
67,political,,,2359.0,
68,back,,,2354.0,
69,life,,,2341.0,
70,london,,,2339.0,
71,law,,,2322.0,
72,house,,,2313.0,
73,care,,,2304.0,
74,season,,,2272.0,
75,million,,,2271.0,
76,financial,,,2266.0,
77,police,,,2261.0,
78,children,,,2251.0,
79,long,,,2224.0,
80,north,,,2207.0,
81,since,,,2183.0,
82,economic,,,2166.0,
83,way,,,2141.0,
84,war,,,2130.0,
85,university,,,2126.0,
86,john,,,2120.0,
87,times,,,2093.0,
88,military,,,2085.0,
89,sunday,,,2079.0,
90,much,,,2078.0,
91,men,,,2068.0,
92,another,,,2062.0,
93,also,,,2046.0,
94,european,,,2039.0,
95,party,,,2013.0,
96,work,,,2010.0,
97,series,,,1972.0,
98,center,,,1970.0,
99,business,,,1968.0,
100,school,,,1962.0,
101,east,,,1950.0,
102,books,,,1944.0,
103,still,,,1935.0,
104,big,,,1927.0,
105,street,,,1920.0,
106,officials,,,1918.0,
107,nyc,,,1910.0,
108,family,,,1854.0,
109,man,,,1852.0,
110,says,,,1841.0,
111,part,,,1811.0,
112,television,,,1811.0,
113,india,,,1807.0,
114,politics,,,1802.0,
115,play,,,1796.0,
116,internet,,,1790.0,
117,next,,,1765.0,
118,take,,,1748.0,
119,open,,,1734.0,
120,david,,,1726.0,
121,executive,,,1716.0,
122,republican,,,1713.0,
123,brooklyn,,,1713.0,
124,get,,,1706.0,
125,around,,,1697.0,
126,chief,,,1695.0,
127,say,,,1692.0,
128,bank,,,1686.0,
129,four,,,1684.0,
130,young,,,1682.0,
131,summer,,,1659.0,
132,south,,,1658.0,
133,baseball,,,1656.0,
134,rights,,,1652.0,
135,ago,,,1648.0,
136,days,,,1639.0,
137,case,,,1611.0,
138,defense,,,1593.0,
139,saturday,,,1591.0,
140,power,,,1590.0,
141,end,,,1579.0,
142,act,,,1569.0,
143,michael,,,1556.0,
144,park,,,1554.0,
145,department,,,1554.0,
146,us,,,1553.0,
147,recent,,,1552.0,
148,among,,,1550.0,
149,report,,,1540.0,
150,mets,,,1529.0,
151,set,,,1518.0,
152,best,,,1515.0,
153,month,,,1501.0,
154,high,,,1491.0,
155,called,,,1488.0,
156,second,,,1484.0,
157,found,,,1480.0,
158,top,,,1473.0,
159,museum,,,1470.0,
160,service,,,1468.0,
161,advertising,,,1465.0,
162,announced,,,1464.0,
163,manhattan,,,1463.0,
164,good,,,1454.0,
165,industry,,,1449.0,
166,look,,,1448.0,
167,according,,,1440.0,
168,fashion,,,1433.0,
169,media,,,1429.0,
170,food,,,1428.0,
171,afghanistan,,,1414.0,
172,real,,,1406.0,
173,little,,,1402.0,
174,supreme,,,1401.0,
175,syria,,,1400.0,
176,market,,,1399.0,
177,film,,,1399.0,
178,small,,,1395.0,
179,book,,,1389.0,
180,jobs,,,1386.0,
181,sports,,,1386.0,
182,social,,,1381.0,
183,crisis,,,1378.0,
184,white,,,1370.0,
185,help,,,1369.0,
186,festival,,,1368.0,
187,least,,,1364.0,
188,program,,,1358.0,
189,well,,,1356.0,
190,might,,,1346.0,
191,money,,,1341.0,
192,major,,,1338.0,
193,history,,,1337.0,
194,become,,,1327.0,
195,died,,,1327.0,
196,billion,,,1322.0,
197,america,,,1322.0,
198,economy,,,1321.0,
199,early,,,1315.0,
200,soccer,,,1313.0,
201,los,,,1303.0,
202,security,,,1302.0,
203,literature,,,1301.0,
204,british,,,1287.0,
205,percent,,,1285.0,
206,race,,,1281.0,
207,angeles,,,1274.0,
208,human,,,1273.0,
209,right,,,1272.0,
210,months,,,1257.0,
211,inc,,,1257.0,
212,france,,,1253.0,
213,global,,,1253.0,
214,whose,,,1252.0,
215,bill,,,1249.0,
216,league,,,1249.0,
217,debt,,,1248.0,
218,including,,,1248.0,
219,west,,,1246.0,
220,french,,,1245.0,
221,video,,,1241.0,
222,left,,,1232.0,
223,travel,,,1230.0,
224,movies,,,1228.0,
225,system,,,1227.0,
226,companies,,,1226.0,
227,use,,,1222.0,
228,james,,,1220.0,
229,data,,,1218.0,
230,go,,,1215.0,
231,place,,,1215.0,
232,editor,,,1213.0,
233,island,,,1210.0,
234,forces,,,1206.0,
235,energy,,,1205.0,
236,death,,,1201.0,
237,final,,,1201.0,
238,took,,,1200.0,
239,every,,,1200.0,
240,yankees,,,1199.0,
241,latest,,,1198.0,
242,football,,,1197.0,
243,tennis,,,1193.0,
244,iran,,,1191.0,
245,jersey,,,1184.0,
246,past,,,1184.0,
247,members,,,1183.0,
248,five,,,1181.0,
249,san,,,1179.0,
250,middle,,,1175.0,
251,whether,,,1169.0,
252,run,,,1164.0,
253,online,,,1164.0,
254,facebook,,,1164.0,
255,plan,,,1160.0,
256,nearly,,,1156.0,
257,known,,,1150.0,
258,nuclear,,,1149.0,
259,education,,,1143.0,
260,union,,,1140.0,
261,europe,,,1135.0,
262,live,,,1127.0,
263,tax,,,1127.0,
264,making,,,1120.0,
265,used,,,1117.0,
266,several,,,1109.0,
267,plans,,,1106.0,
268,players,,,1101.0,
269,central,,,1100.0,
270,relations,,,1098.0,
271,senate,,,1094.0,
272,hockey,,,1088.0,
273,reports,,,1088.0,
274,old,,,1080.0,
275,conference,,,1079.0,
276,without,,,1078.0,
277,less,,,1074.0,
278,ice,,,1072.0,
279,deal,,,1072.0,
280,tournament,,,1072.0,
281,russia,,,1067.0,
282,movie,,,1064.0,
283,often,,,1060.0,
284,wall,,,1059.0,
285,win,,,1059.0,
286,administration,,,1058.0,
287,africa,,,1057.0,
288,general,,,1057.0,
289,far,,,1057.0,
290,students,,,1051.0,
291,web,,,1049.0,
292,trade,,,1045.0,
293,elections,,,1043.0,
294,field,,,1036.0,
295,study,,,1033.0,
296,across,,,1033.0,
297,conditions,,,1031.0,
298,black,,,1029.0,
299,estate,,,1026.0,
300,questions,,,1019.0,
301,office,,,1019.0,
302,nation,,,1018.0,
303,coach,,,1017.0,
304,protection,,,1015.0,
305,director,,,1014.0,
306,rangers,,,1012.0,
307,come,,,1011.0,
308,shows,,,1010.0,
309,automobiles,,,1010.0,
310,never,,,1009.0,
311,computers,,,1006.0,
312,april,,,999.0,
313,control,,,998.0,
314,chinese,,,996.0,
315,victory,,,996.0,
316,great,,,992.0,
317,find,,,988.0,
318,june,,,987.0,
319,minister,,,986.0,
320,drug,,,984.0,
321,oil,,,983.0,
322,labor,,,983.0,
323,pay,,,982.0,
324,israel,,,982.0,
325,red,,,977.0,
326,private,,,976.0,
327,mark,,,975.0,
328,morning,,,973.0,
329,came,,,972.0,
330,updated,,,966.0,
331,start,,,963.0,
332,march,,,962.0,
333,leaders,,,961.0,
334,see,,,958.0,
335,change,,,956.0,
336,building,,,952.0,
337,decision,,,950.0,
338,job,,,950.0,
339,capital,,,946.0,
340,behind,,,945.0,
341,face,,,945.0,
342,spring,,,944.0,
343,lead,,,942.0,
344,readers,,,941.0,
345,better,,,940.0,
346,side,,,940.0,
347,voters,,,939.0,
348,google,,,939.0,
349,agency,,,934.0,
350,six,,,932.0,
351,killed,,,924.0,
352,weeks,,,923.0,
353,trying,,,916.0,
354,paris,,,912.0,
355,record,,,912.0,
356,banking,,,910.0,
357,away,,,902.0,
358,recently,,,902.0,
359,golf,,,900.0,
360,leader,,,899.0,
361,future,,,897.0,
362,star,,,896.0,
363,something,,,896.0,
364,move,,,895.0,
365,arts,,,893.0,
366,trends,,,893.0,
367,egypt,,,891.0,
368,robert,,,891.0,
369,events,,,891.0,
370,began,,,885.0,
371,need,,,884.0,
372,third,,,883.0,
373,housing,,,882.0,
374,judge,,,879.0,
375,role,,,879.0,
376,civil,,,877.0,
377,foreign,,,876.0,
378,americans,,,875.0,
379,site,,,874.0,
380,martin,,,874.0,
381,going,,,871.0,
382,almost,,,863.0,
383,fans,,,862.0,
384,today,,,861.0,
385,marketing,,,861.0,
386,support,,,860.0,
387,story,,,860.0,
388,safety,,,859.0,
389,number,,,853.0,
390,hall,,,852.0,
391,yet,,,850.0,
392,rick,,,849.0,
393,design,,,849.0,
394,released,,,848.0,
395,policy,,,847.0,
396,put,,,847.0,
397,free,,,843.0,
398,immigration,,,841.0,
399,late,,,841.0,
400,apple,,,840.0,
401,reported,,,839.0,
402,expected,,,837.0,
403,line,,,833.0,
404,space,,,830.0,
405,apparel,,,830.0,
406,decades,,,827.0,
407,others,,,826.0,
408,nations,,,826.0,
409,woman,,,826.0,
410,air,,,826.0,
411,euro,,,826.0,
412,restaurant,,,825.0,
413,democratic,,,824.0,
414,july,,,824.0,
415,career,,,822.0,
416,church,,,821.0,
417,town,,,819.0,
418,enough,,,818.0,
419,santorum,,,815.0,
420,research,,,815.0,
421,keep,,,815.0,
422,head,,,814.0,
423,weekend,,,813.0,
424,gas,,,812.0,
425,knicks,,,809.0,
426,protests,,,808.0,
427,barack,,,808.0,
428,child,,,806.0,
429,olympics,,,806.0,
430,germany,,,802.0,
431,meeting,,,801.0,
432,commission,,,801.0,
433,texas,,,800.0,
434,insurance,,,799.0,
435,want,,,798.0,
436,restaurants,,,798.0,
437,institutions,,,797.0,
438,know,,,796.0,
439,held,,,795.0,
440,connecticut,,,794.0,
441,george,,,794.0,
442,banks,,,793.0,
443,board,,,791.0,
444,official,,,788.0,
445,california,,,787.0,
446,taking,,,781.0,
447,outside,,,779.0,
448,trial,,,779.0,
449,marriage,,,775.0,
450,local,,,774.0,
451,point,,,773.0,
452,things,,,771.0,
453,numbers,,,769.0,
454,led,,,769.0,
455,republicans,,,767.0,
456,lost,,,766.0,
457,families,,,765.0,
458,spain,,,764.0,
459,florida,,,763.0,
460,club,,,762.0,
461,went,,,762.0,
462,culture,,,761.0,
463,britain,,,761.0,
464,congress,,,759.0,
465,square,,,758.0,
466,running,,,757.0,
467,boston,,,753.0,
468,growing,,,752.0,
469,became,,,751.0,
470,paul,,,750.0,
471,stage,,,747.0,
472,hit,,,746.0,
473,broadway,,,744.0,
474,ever,,,744.0,
475,de,,,744.0,
476,mexico,,,743.0,
477,along,,,743.0,
478,opening,,,743.0,
479,justice,,,737.0,
480,name,,,736.0,
481,love,,,736.0,
482,unrest,,,736.0,
483,sales,,,735.0,
484,heat,,,734.0,
485,chicago,,,734.0,
486,vacations,,,734.0,
487,abuse,,,733.0,
488,writing,,,733.0,
489,accused,,,732.0,
490,charges,,,730.0,
491,told,,,729.0,
492,network,,,729.0,
493,sex,,,728.0,
494,bloomberg,,,727.0,
495,crimes,,,727.0,
496,despite,,,726.0,
497,close,,,726.0,
498,tv,,,726.0,
499,childhood,,,726.0,
500,project,,,725.0,
501,call,,,725.0,
502,attack,,,724.0,
503,makes,,,723.0,
504,played,,,723.0,
505,car,,,721.0,
506,technology,,,720.0,
507,cup,,,717.0,
508,later,,,716.0,
509,championship,,,716.0,
510,prime,,,715.0,
511,different,,,713.0,
512,return,,,712.0,
513,though,,,712.0,
514,writes,,,712.0,
515,opera,,,711.0,
516,coming,,,709.0,
517,popular,,,707.0,
518,effort,,,707.0,
519,syrian,,,706.0,
520,student,,,704.0,
521,changes,,,703.0,
522,works,,,703.0,
523,firm,,,703.0,
524,fall,,,702.0,
525,title,,,702.0,
526,large,,,701.0,
527,likely,,,700.0,
528,pakistan,,,699.0,
529,battle,,,698.0,
530,buy,,,698.0,
531,round,,,697.0,
532,dies,,,696.0,
533,looking,,,696.0,
534,water,,,696.0,
535,shot,,,695.0,
536,killing,,,694.0,
537,personal,,,694.0,
538,japan,,,693.0,
539,colleges,,,692.0,
540,room,,,692.0,
541,debate,,,691.0,
542,offer,,,691.0,
543,medical,,,691.0,
544,half,,,691.0,
545,near,,,688.0,
546,rates,,,688.0,
547,andrew,,,687.0,
548,trading,,,686.0,
549,girls,,,686.0,
550,using,,,686.0,
551,leading,,,685.0,
552,hours,,,685.0,
553,track,,,685.0,
554,area,,,685.0,
555,helped,,,684.0,
556,tour,,,684.0,
557,services,,,683.0,
558,fight,,,682.0,
559,largest,,,682.0,
560,deaths,,,682.0,
561,acquisitions,,,682.0,
562,turn,,,681.0,
563,interest,,,678.0,
564,takes,,,678.0,
565,scott,,,676.0,
566,corporation,,,676.0,
567,primary,,,675.0,
568,loss,,,675.0,
569,miami,,,673.0,
570,mergers,,,673.0,
571,growth,,,672.0,
572,groups,,,672.0,
573,affordable,,,672.0,
574,production,,,671.0,
575,opened,,,670.0,
576,lot,,,670.0,
577,vote,,,669.0,
578,age,,,669.0,
579,post,,,669.0,
580,think,,,668.0,
581,give,,,668.0,
582,playing,,,668.0,
583,greece,,,668.0,
584,toward,,,668.0,
585,credit,,,667.0,
586,information,,,666.0,
587,countries,,,665.0,
588,racing,,,662.0,
589,question,,,662.0,
590,action,,,662.0,
591,must,,,661.0,
592,comes,,,661.0,
593,mobile,,,661.0,
594,working,,,659.0,
595,dance,,,658.0,
596,r,,,658.0,
597,ny,,,658.0,
598,workers,,,657.0,
599,talks,,,656.0,
600,got,,,656.0,
601,budget,,,654.0,
602,fire,,,654.0,
603,consumer,,,654.0,
604,afghan,,,649.0,
605,hard,,,649.0,
606,divestitures,,,648.0,
607,parents,,,647.0,
608,england,,,647.0,
609,modern,,,646.0,
610,always,,,646.0,
611,issue,,,642.0,
612,seems,,,642.0,
613,gov,,,642.0,
614,biggest,,,639.0,
615,writers,,,639.0,
616,schools,,,636.0,
617,prices,,,635.0,
618,science,,,633.0,
619,mayor,,,633.0,
620,performance,,,630.0,
621,getting,,,629.0,
622,photography,,,629.0,
623,legislation,,,629.0,
624,legal,,,628.0,
625,universities,,,626.0,
626,annual,,,624.0,
627,indian,,,623.0,
628,cultural,,,623.0,
629,rules,,,622.0,
630,moment,,,621.0,
631,already,,,621.0,
632,dead,,,619.0,
633,view,,,619.0,
634,turned,,,618.0,
635,korea,,,617.0,
636,shopping,,,617.0,
637,mother,,,615.0,
638,gay,,,614.0,
639,ohio,,,613.0,
640,scandal,,,612.0,
641,attention,,,611.0,
642,thousands,,,611.0,
643,committee,,,611.0,
644,teams,,,610.0,
645,talk,,,610.0,
646,road,,,609.0,
647,lives,,,609.0,
648,mike,,,609.0,
649,seven,,,609.0,
650,investigation,,,607.0,
651,musical,,,606.0,
652,metropolitan,,,605.0,
653,shooting,,,604.0,
654,list,,,604.0,
655,ruling,,,603.0,
656,winning,,,603.0,
657,senator,,,602.0,
658,cut,,,601.0,
659,playoff,,,600.0,
660,father,,,600.0,
661,richard,,,600.0,
662,organization,,,600.0,
663,programs,,,599.0,
664,seemed,,,598.0,
665,named,,,597.0,
666,investors,,,596.0,
667,stop,,,595.0,
668,village,,,594.0,
669,sent,,,591.0,
670,natural,,,590.0,
671,special,,,588.0,
672,twitter,,,584.0,
673,residential,,,584.0,
674,draft,,,583.0,
675,seen,,,582.0,
676,based,,,581.0,
677,manager,,,580.0,
678,full,,,576.0,
679,traffic,,,576.0,
680,asked,,,576.0,
681,horse,,,574.0,
682,district,,,572.0,
683,agreed,,,572.0,
684,player,,,571.0,
685,taken,,,571.0,
686,step,,,570.0,
687,regulation,,,570.0,
688,documentary,,,569.0,
689,francisco,,,568.0,
690,started,,,567.0,
691,artist,,,566.0,
692,efforts,,,564.0,
693,event,,,564.0,
694,fund,,,563.0,
695,computer,,,562.0,
696,devils,,,561.0,
697,spent,,,561.0,
698,athletics,,,561.0,
699,digital,,,560.0,
700,heart,,,560.0,
701,version,,,560.0,
702,saying,,,559.0,
703,patient,,,559.0,
704,community,,,558.0,
705,force,,,557.0,
706,region,,,556.0,
707,drugs,,,556.0,
708,chris,,,555.0,
709,beach,,,555.0,
710,important,,,555.0,
711,italy,,,554.0,
712,awards,,,553.0,
713,afternoon,,,553.0,
714,inside,,,552.0,
715,son,,,551.0,
716,course,,,551.0,
717,wife,,,551.0,
718,bring,,,549.0,
719,queens,,,548.0,
720,prison,,,547.0,
721,cancer,,,547.0,
722,violations,,,547.0,
723,council,,,547.0,
724,charles,,,547.0,
725,guide,,,546.0,
726,focus,,,545.0,
727,living,,,544.0,
728,offers,,,544.0,
729,senior,,,542.0,
730,retail,,,541.0,
731,championships,,,541.0,
732,bronx,,,539.0,
733,finance,,,539.0,
734,looks,,,538.0,
735,response,,,538.0,
736,river,,,538.0,
737,ways,,,537.0,
738,rock,,,537.0,
739,candidate,,,537.0,
740,search,,,536.0,
741,reform,,,536.0,
742,southern,,,536.0,
743,let,,,536.0,
744,bad,,,535.0,
745,bay,,,535.0,
746,comedy,,,535.0,
747,employees,,,532.0,
748,hotel,,,532.0,
749,crime,,,532.0,
750,price,,,531.0,
751,movement,,,531.0,
752,issues,,,531.0,
753,starting,,,528.0,
754,gets,,,528.0,
755,friends,,,527.0,
756,amid,,,527.0,
757,violence,,,527.0,
758,really,,,526.0,
759,iraq,,,524.0,
760,philadelphia,,,523.0,
761,brown,,,523.0,
762,perhaps,,,523.0,
763,primaries,,,522.0,
764,films,,,522.0,
765,arizona,,,522.0,
766,hong,,,521.0,
767,aid,,,519.0,
768,earlier,,,519.0,
769,cuomo,,,519.0,
770,watch,,,518.0,
771,grand,,,518.0,
772,electric,,,518.0,
773,beijing,,,518.0,
774,chance,,,517.0,
775,demonstrations,,,517.0,
776,peter,,,515.0,
777,current,,,515.0,
778,given,,,515.0,
779,nbc,,,514.0,
780,catholic,,,513.0,
781,opposition,,,513.0,
782,include,,,513.0,
783,radio,,,512.0,
784,williams,,,512.0,
785,rate,,,512.0,
786,carolina,,,511.0,
787,attacks,,,511.0,
788,seem,,,511.0,
789,light,,,509.0,
790,ahead,,,509.0,
791,joe,,,509.0,
792,increase,,,509.0,
793,eight,,,509.0,
794,press,,,508.0,
795,minutes,,,508.0,
796,jpmorgan,,,508.0,
797,cars,,,507.0,
798,illegal,,,507.0,
799,calls,,,506.0,
800,magazine,,,506.0,
801,stanley,,,506.0,
802,meet,,,503.0,
803,gave,,,503.0,
804,russian,,,502.0,
805,sovereign,,,502.0,
806,review,,,501.0,
807,authorities,,,501.0,
808,land,,,501.0,
809,front,,,501.0,
810,seeking,,,501.0,
811,hundreds,,,501.0,
812,green,,,499.0,
813,author,,,499.0,
814,murders,,,498.0,
815,thing,,,497.0,
816,income,,,497.0,
817,eastern,,,497.0,
818,soon,,,497.0,
819,sometimes,,,496.0,
820,spending,,,496.0,
821,potential,,,496.0,
822,lower,,,496.0,
823,johnson,,,496.0,
824,criminal,,,495.0,
825,met,,,495.0,
826,problems,,,495.0,
827,cooking,,,495.0,
828,investment,,,493.0,
829,clear,,,492.0,
830,kong,,,491.0,
831,offered,,,491.0,
832,lottery,,,490.0,
833,share,,,490.0,
834,possible,,,490.0,
835,rule,,,489.0,
836,brought,,,489.0,
837,officer,,,489.0,
838,ryan,,,489.0,
839,riots,,,489.0,
840,competition,,,488.0,
841,short,,,487.0,
842,wrote,,,487.0,
843,visit,,,487.0,
844,runs,,,487.0,
845,rare,,,486.0,
846,stars,,,485.0,
847,test,,,485.0,
848,development,,,485.0,
849,raised,,,485.0,
850,nothing,,,484.0,
851,e,,,484.0,
852,worth,,,482.0,
853,super,,,482.0,
854,failed,,,481.0,
855,band,,,480.0,
856,finds,,,480.0,
857,murdoch,,,478.0,
858,wimbledon,,,478.0,
859,received,,,477.0,
860,process,,,477.0,
861,william,,,476.0,
862,charged,,,476.0,
863,begin,,,475.0,
864,finally,,,475.0,
865,army,,,474.0,
866,kentucky,,,474.0,
867,valley,,,473.0,
868,products,,,473.0,
869,decade,,,473.0,
870,cuts,,,472.0,
871,turkey,,,472.0,
872,neighborhood,,,472.0,
873,challenge,,,472.0,
874,release,,,471.0,
875,try,,,471.0,
876,article,,,471.0,
877,goes,,,470.0,
878,risk,,,470.0,
879,appeared,,,470.0,
880,training,,,469.0,
881,together,,,468.0,
882,candidates,,,467.0,
883,markets,,,466.0,
884,tim,,,466.0,
885,ballet,,,466.0,
886,ended,,,466.0,
887,owners,,,465.0,
888,residents,,,464.0,
889,cost,,,463.0,
890,taxes,,,463.0,
891,evening,,,463.0,
892,bid,,,462.0,
893,offering,,,462.0,
894,society,,,462.0,
895,leave,,,460.0,
896,western,,,460.0,
897,gold,,,458.0,
898,phone,,,458.0,
899,kind,,,458.0,
900,audience,,,458.0,
901,costs,,,457.0,
902,funds,,,457.0,
903,hope,,,456.0,
904,avenue,,,456.0,
905,speech,,,456.0,
906,domestic,,,456.0,
907,lincoln,,,454.0,
908,managed,,,453.0,
909,leaving,,,452.0,
910,instead,,,450.0,
911,hand,,,450.0,
912,class,,,450.0,
913,points,,,450.0,
914,strong,,,449.0,
915,lawyer,,,449.0,
916,garden,,,448.0,
917,finals,,,448.0,
918,pressure,,,447.0,
919,following,,,446.0,
920,beyond,,,444.0,
921,joseph,,,444.0,
922,border,,,443.0,
923,officers,,,442.0,
924,virginia,,,442.0,
925,rose,,,442.0,
926,anthony,,,442.0,
927,chase,,,442.0,
928,needs,,,439.0,
929,louis,,,439.0,
930,apartment,,,439.0,
931,commercial,,,438.0,
932,democrats,,,437.0,
933,israeli,,,437.0,
934,county,,,436.0,
935,deregulation,,,436.0,
936,hopes,,,435.0,
937,longer,,,435.0,
938,moscow,,,435.0,
939,build,,,435.0,
940,problem,,,434.0,
941,polls,,,434.0,
942,orleans,,,434.0,
943,arrested,,,434.0,
944,thought,,,434.0,
945,jazz,,,433.0,
946,protest,,,432.0,
947,hot,,,432.0,
948,planning,,,432.0,
949,laws,,,431.0,
950,success,,,431.0,
951,corruption,,,431.0,
952,trip,,,431.0,
953,prosecutors,,,430.0,
954,matter,,,429.0,
955,swimming,,,429.0,
956,roman,,,429.0,
957,higher,,,428.0,
958,tell,,,427.0,
959,continue,,,427.0,
960,miles,,,427.0,
961,results,,,427.0,
962,secretary,,,427.0,
963,daily,,,426.0,
964,faces,,,426.0,
965,association,,,426.0,
966,created,,,426.0,
967,conservative,,,425.0,
968,rise,,,425.0,
969,evidence,,,425.0,
970,environmental,,,425.0,
971,sale,,,424.0,
972,collection,,,424.0,
973,stock,,,422.0,
974,included,,,422.0,
975,done,,,422.0,
976,scheduled,,,422.0,
977,sell,,,421.0,
978,concerns,,,421.0,
979,sites,,,421.0,
980,provide,,,421.0,
981,institute,,,420.0,
982,column,,,419.0,
983,putin,,,416.0,
984,match,,,416.0,
985,reserve,,,416.0,
986,century,,,416.0,
987,areas,,,416.0,
988,sexual,,,415.0,
989,within,,,414.0,
990,body,,,414.0,
991,words,,,413.0,
992,rest,,,413.0,
993,powerful,,,412.0,
994,executives,,,412.0,
995,la,,,412.0,
996,management,,,412.0,
997,authority,,,412.0,
998,beat,,,411.0,
999,voice,,,411.0,
0,new,,,,13208.0
1,york,,,,5549.0
2,said,,,,5463.0
3,one,,,,5379.0
4,united,,,,4214.0
5,city,,,,4140.0
6,two,,,,4025.0
7,states,,,,3964.0
8,would,,,,3712.0
9,last,,,,3568.0
10,first,,,,3456.0
11,years,,,,3393.0
12,american,,,,3233.0
13,presidential,,,,3222.0
14,world,,,,3159.0
15,state,,,,3129.0
16,election,,,,3039.0
17,government,,,,3015.0
18,may,,,,2862.0
19,time,,,,2843.0
20,people,,,,2746.0
21,like,,,,2701.0
22,obama,,,,2599.0
23,president,,,,2587.0
24,year,,,,2584.0
25,company,,,,2474.0
26,tuesday,,,,2426.0
27,international,,,,2381.0
28,editor,,,,2352.0
29,home,,,,2346.0
30,iraq,,,,2291.0
31,washington,,,,2283.0
32,john,,,,2249.0
33,federal,,,,2241.0
34,many,,,,2134.0
35,week,,,,2118.0
36,thursday,,,,2095.0
37,wednesday,,,,2086.0
38,monday,,,,2061.0
39,senator,,,,2043.0
40,could,,,,2013.0
41,long,,,,1977.0
42,music,,,,1947.0
43,health,,,,1934.0
44,art,,,,1908.0
45,day,,,,1896.0
46,three,,,,1891.0
47,house,,,,1881.0
48,life,,,,1880.0
49,nyc,,,,1878.0
50,barack,,,,1866.0
51,national,,,,1862.0
52,court,,,,1854.0
53,million,,,,1809.0
54,china,,,,1794.0
55,friday,,,,1784.0
56,bush,,,,1763.0
57,night,,,,1759.0
58,police,,,,1745.0
59,mccain,,,,1727.0
60,clinton,,,,1678.0
61,children,,,,1665.0
62,former,,,,1656.0
63,party,,,,1639.0
64,officials,,,,1635.0
65,war,,,,1634.0
66,back,,,,1625.0
67,big,,,,1609.0
68,baseball,,,,1595.0
69,even,,,,1591.0
70,housing,,,,1566.0
71,group,,,,1552.0
72,country,,,,1545.0
73,way,,,,1544.0
74,made,,,,1526.0
75,trade,,,,1524.0
76,since,,,,1502.0
77,theater,,,,1485.0
78,oil,,,,1464.0
79,street,,,,1458.0
80,market,,,,1449.0
81,public,,,,1441.0
82,mets,,,,1439.0
83,sunday,,,,1435.0
84,prices,,,,1431.0
85,make,,,,1427.0
86,democratic,,,,1408.0
87,much,,,,1401.0
88,family,,,,1380.0
89,david,,,,1375.0
90,books,,,,1367.0
91,center,,,,1363.0
92,still,,,,1361.0
93,news,,,,1359.0
94,ago,,,,1354.0
95,manhattan,,,,1351.0
96,game,,,,1321.0
97,show,,,,1297.0
98,next,,,,1286.0
99,campaign,,,,1270.0
100,politics,,,,1261.0
101,another,,,,1253.0
102,say,,,,1251.0
103,defense,,,,1249.0
104,south,,,,1247.0
105,four,,,,1244.0
106,economic,,,,1226.0
107,work,,,,1211.0
108,department,,,,1202.0
109,team,,,,1197.0
110,billion,,,,1191.0
111,man,,,,1188.0
112,school,,,,1182.0
113,business,,,,1179.0
114,island,,,,1178.0
115,race,,,,1176.0
116,saturday,,,,1172.0
117,part,,,,1171.0
118,women,,,,1164.0
119,university,,,,1164.0
120,food,,,,1157.0
121,season,,,,1156.0
122,days,,,,1153.0
123,political,,,,1153.0
124,brooklyn,,,,1151.0
125,also,,,,1150.0
126,get,,,,1145.0
127,died,,,,1145.0
128,help,,,,1144.0
129,east,,,,1141.0
130,hillary,,,,1137.0
131,take,,,,1131.0
132,end,,,,1128.0
133,high,,,,1125.0
134,administration,,,,1124.0
135,economy,,,,1115.0
136,times,,,,1115.0
137,television,,,,1109.0
138,michael,,,,1109.0
139,left,,,,1107.0
140,museum,,,,1107.0
141,bank,,,,1092.0
142,percent,,,,1076.0
143,little,,,,1074.0
144,law,,,,1071.0
145,set,,,,1071.0
146,games,,,,1071.0
147,basketball,,,,1070.0
148,olympic,,,,1066.0
149,major,,,,1059.0
150,around,,,,1042.0
151,second,,,,1029.0
152,system,,,,1027.0
153,service,,,,1023.0
154,deal,,,,1022.0
155,relations,,,,1015.0
156,yankees,,,,1010.0
157,schools,,,,1007.0
158,months,,,,1003.0
159,early,,,,1002.0
160,good,,,,1001.0
161,plan,,,,999.0
162,found,,,,997.0
163,west,,,,991.0
164,open,,,,983.0
165,called,,,,977.0
166,military,,,,973.0
167,literature,,,,971.0
168,says,,,,970.0
169,space,,,,968.0
170,small,,,,966.0
171,right,,,,957.0
172,white,,,,951.0
173,travel,,,,950.0
174,might,,,,950.0
175,north,,,,944.0
176,global,,,,943.0
177,los,,,,941.0
178,recent,,,,938.0
179,month,,,,937.0
180,according,,,,935.0
181,become,,,,933.0
182,bill,,,,932.0
183,five,,,,932.0
184,among,,,,930.0
185,park,,,,929.0
186,internet,,,,928.0
187,angeles,,,,928.0
188,america,,,,926.0
189,drug,,,,923.0
190,rodham,,,,923.0
191,top,,,,922.0
192,money,,,,921.0
193,financial,,,,920.0
194,france,,,,916.0
195,chief,,,,915.0
196,case,,,,914.0
197,medicine,,,,914.0
198,companies,,,,911.0
199,place,,,,909.0
200,nation,,,,905.0
201,power,,,,904.0
202,college,,,,903.0
203,safety,,,,903.0
204,office,,,,898.0
205,announced,,,,897.0
206,energy,,,,891.0
207,us,,,,891.0
208,death,,,,884.0
209,series,,,,882.0
210,young,,,,882.0
211,program,,,,880.0
212,history,,,,878.0
213,real,,,,873.0
214,old,,,,870.0
215,least,,,,868.0
216,air,,,,866.0
217,education,,,,865.0
218,nearly,,,,865.0
219,airlines,,,,865.0
220,summer,,,,862.0
221,san,,,,862.0
222,play,,,,857.0
223,general,,,,855.0
224,building,,,,854.0
225,go,,,,852.0
226,red,,,,850.0
227,men,,,,850.0
228,inc,,,,840.0
229,plans,,,,838.0
230,robert,,,,831.0
231,israel,,,,828.0
232,human,,,,824.0
233,church,,,,822.0
234,rights,,,,818.0
235,past,,,,808.0
236,come,,,,805.0
237,every,,,,803.0
238,industry,,,,803.0
239,whose,,,,801.0
240,use,,,,798.0
241,report,,,,796.0
242,senate,,,,794.0
243,without,,,,792.0
244,executive,,,,790.0
245,golf,,,,789.0
246,often,,,,789.0
247,jersey,,,,788.0
248,security,,,,788.0
249,well,,,,787.0
250,used,,,,785.0
251,less,,,,784.0
252,members,,,,783.0
253,start,,,,776.0
254,side,,,,775.0
255,russia,,,,774.0
256,book,,,,771.0
257,league,,,,770.0
258,union,,,,770.0
259,never,,,,769.0
260,families,,,,767.0
261,run,,,,766.0
262,european,,,,764.0
263,killed,,,,763.0
264,banks,,,,761.0
265,editorials,,,,758.0
266,whether,,,,757.0
267,far,,,,756.0
268,best,,,,754.0
269,several,,,,747.0
270,great,,,,746.0
271,film,,,,744.0
272,look,,,,743.0
273,took,,,,735.0
274,workers,,,,733.0
275,put,,,,732.0
276,agency,,,,727.0
277,across,,,,726.0
278,find,,,,726.0
279,away,,,,724.0
280,behind,,,,721.0
281,california,,,,715.0
282,reports,,,,704.0
283,almost,,,,700.0
284,making,,,,699.0
285,known,,,,697.0
286,see,,,,694.0
287,care,,,,693.0
288,change,,,,692.0
289,six,,,,692.0
290,began,,,,691.0
291,latest,,,,689.0
292,wall,,,,689.0
293,central,,,,688.0
294,came,,,,688.0
295,job,,,,686.0
296,black,,,,686.0
297,reported,,,,684.0
298,queens,,,,682.0
299,including,,,,681.0
300,victory,,,,680.0
301,weeks,,,,678.0
302,town,,,,676.0
303,congress,,,,676.0
304,final,,,,676.0
305,pictures,,,,676.0
306,stores,,,,675.0
307,leader,,,,666.0
308,brown,,,,665.0
309,sales,,,,664.0
310,leaders,,,,664.0
311,water,,,,661.0
312,gas,,,,659.0
313,third,,,,659.0
314,london,,,,659.0
315,opera,,,,654.0
316,paris,,,,654.0
317,record,,,,649.0
318,india,,,,645.0
319,largest,,,,645.0
320,beijing,,,,642.0
321,near,,,,641.0
322,americans,,,,641.0
323,vacations,,,,640.0
324,restaurants,,,,639.0
325,boston,,,,637.0
326,motion,,,,636.0
327,youth,,,,631.0
328,face,,,,622.0
329,buildings,,,,621.0
330,enough,,,,620.0
331,gasoline,,,,620.0
332,estate,,,,618.0
333,accidents,,,,617.0
334,trial,,,,616.0
335,crisis,,,,615.0
336,tax,,,,615.0
337,british,,,,614.0
338,foreign,,,,613.0
339,move,,,,613.0
340,nations,,,,612.0
341,web,,,,611.0
342,banking,,,,611.0
343,festival,,,,608.0
344,french,,,,607.0
345,need,,,,606.0
346,trying,,,,606.0
347,site,,,,605.0
348,drugs,,,,604.0
349,talks,,,,604.0
350,bloomberg,,,,604.0
351,hall,,,,603.0
352,dead,,,,601.0
353,chinese,,,,601.0
354,advertising,,,,599.0
355,yet,,,,598.0
356,pay,,,,598.0
357,study,,,,597.0
358,field,,,,597.0
359,media,,,,595.0
360,video,,,,595.0
361,lost,,,,594.0
362,republican,,,,594.0
363,baghdad,,,,593.0
364,tour,,,,593.0
365,judge,,,,592.0
366,along,,,,592.0
367,something,,,,590.0
368,credit,,,,589.0
369,minister,,,,589.0
370,supreme,,,,588.0
371,morning,,,,585.0
372,charges,,,,584.0
373,decision,,,,584.0
374,iran,,,,583.0
375,mayor,,,,583.0
376,free,,,,583.0
377,corp,,,,583.0
378,keep,,,,582.0
379,players,,,,582.0
380,ny,,,,581.0
381,better,,,,580.0
382,control,,,,576.0
383,gov,,,,576.0
384,research,,,,574.0
385,number,,,,574.0
386,march,,,,574.0
387,forces,,,,573.0
388,europe,,,,573.0
389,led,,,,573.0
390,local,,,,570.0
391,want,,,,568.0
392,expected,,,,568.0
393,students,,,,566.0
394,fall,,,,566.0
395,effort,,,,566.0
396,half,,,,564.0
397,going,,,,562.0
398,give,,,,562.0
399,toward,,,,561.0
400,director,,,,561.0
401,countries,,,,560.0
402,co,,,,560.0
403,close,,,,559.0
404,ever,,,,558.0
405,sports,,,,558.0
406,love,,,,558.0
407,know,,,,556.0
408,despite,,,,555.0
409,george,,,,552.0
410,stadium,,,,552.0
411,late,,,,549.0
412,told,,,,549.0
413,medical,,,,546.0
414,taking,,,,545.0
415,production,,,,545.0
416,line,,,,544.0
417,hard,,,,543.0
418,francisco,,,,543.0
419,pakistan,,,,541.0
420,car,,,,540.0
421,official,,,,539.0
422,james,,,,539.0
423,price,,,,538.0
424,computers,,,,535.0
425,became,,,,534.0
426,call,,,,533.0
427,woman,,,,531.0
428,accused,,,,531.0
429,reserve,,,,531.0
430,capital,,,,528.0
431,retail,,,,528.0
432,future,,,,527.0
433,policy,,,,526.0
434,cut,,,,525.0
435,large,,,,525.0
436,microsoft,,,,524.0
437,chicago,,,,524.0
438,decades,,,,523.0
439,others,,,,522.0
440,county,,,,521.0
441,story,,,,520.0
442,thousands,,,,520.0
443,turned,,,,520.0
444,lead,,,,520.0
445,bay,,,,520.0
446,cooking,,,,518.0
447,shows,,,,517.0
448,justice,,,,517.0
449,growing,,,,517.0
450,manager,,,,516.0
451,afghanistan,,,,515.0
452,released,,,,515.0
453,commission,,,,512.0
454,conditions,,,,512.0
455,democrats,,,,511.0
456,hours,,,,511.0
457,deaths,,,,511.0
458,child,,,,510.0
459,things,,,,509.0
460,stock,,,,508.0
461,fans,,,,508.0
462,prime,,,,507.0
463,age,,,,507.0
464,area,,,,507.0
465,room,,,,506.0
466,name,,,,505.0
467,later,,,,504.0
468,helped,,,,504.0
469,acquisitions,,,,504.0
470,offer,,,,503.0
471,iraqi,,,,503.0
472,role,,,,502.0
473,korea,,,,502.0
474,spitzer,,,,501.0
475,florida,,,,497.0
476,june,,,,496.0
477,cancer,,,,495.0
478,warming,,,,495.0
479,support,,,,494.0
480,private,,,,494.0
481,questions,,,,493.0
482,middle,,,,492.0
483,win,,,,491.0
484,horse,,,,491.0
485,de,,,,491.0
486,mergers,,,,491.0
487,already,,,,489.0
488,dies,,,,488.0
489,paul,,,,488.0
490,running,,,,487.0
491,ballet,,,,487.0
492,paterson,,,,486.0
493,eight,,,,486.0
494,dance,,,,485.0
495,recently,,,,485.0
496,got,,,,480.0
497,point,,,,479.0
498,crimes,,,,478.0
499,connecticut,,,,478.0
500,fuel,,,,478.0
501,works,,,,477.0
502,makes,,,,477.0
503,april,,,,476.0
504,force,,,,475.0
505,likely,,,,475.0
506,traffic,,,,473.0
507,held,,,,472.0
508,divestitures,,,,472.0
509,fire,,,,471.0
510,nuclear,,,,471.0
511,construction,,,,471.0
512,mexico,,,,470.0
513,online,,,,469.0
514,homes,,,,466.0
515,return,,,,466.0
516,seems,,,,465.0
517,marketing,,,,465.0
518,metropolitan,,,,464.0
519,writing,,,,463.0
520,armament,,,,463.0
521,career,,,,462.0
522,talk,,,,462.0
523,different,,,,461.0
524,committee,,,,461.0
525,football,,,,460.0
526,authorities,,,,460.0
527,agreed,,,,460.0
528,weekend,,,,459.0
529,must,,,,459.0
530,fight,,,,459.0
531,battle,,,,459.0
532,britain,,,,459.0
533,germany,,,,457.0
534,think,,,,456.0
535,attack,,,,455.0
536,heart,,,,454.0
537,green,,,,454.0
538,immigration,,,,454.0
539,bad,,,,453.0
540,aid,,,,452.0
541,getting,,,,451.0
542,investors,,,,451.0
543,vote,,,,450.0
544,board,,,,450.0
545,parents,,,,449.0
546,important,,,,449.0
547,live,,,,447.0
548,rules,,,,447.0
549,abuse,,,,446.0
550,river,,,,446.0
551,mark,,,,445.0
552,increase,,,,444.0
553,living,,,,444.0
554,investigation,,,,444.0
555,rates,,,,443.0
556,computer,,,,443.0
557,july,,,,443.0
558,head,,,,442.0
559,finances,,,,442.0
560,writers,,,,442.0
561,r,,,,441.0
562,comes,,,,440.0
563,africa,,,,440.0
564,markets,,,,439.0
565,legislation,,,,439.0
566,bell,,,,438.0
567,hit,,,,436.0
568,club,,,,435.0
569,district,,,,435.0
570,cookbooks,,,,435.0
571,light,,,,434.0
572,social,,,,434.0
573,zimbabwe,,,,433.0
574,asked,,,,432.0
575,design,,,,432.0
576,stage,,,,431.0
577,played,,,,431.0
578,went,,,,431.0
579,bronx,,,,429.0
580,army,,,,429.0
581,legal,,,,428.0
582,broadway,,,,427.0
583,biggest,,,,427.0
584,movie,,,,427.0
585,japan,,,,426.0
586,visit,,,,425.0
587,working,,,,425.0
588,possible,,,,424.0
589,spring,,,,424.0
590,always,,,,424.0
591,turn,,,,424.0
592,tournament,,,,424.0
593,secretary,,,,424.0
594,texas,,,,423.0
595,coming,,,,423.0
596,eliot,,,,423.0
597,evening,,,,423.0
598,thing,,,,423.0
599,authority,,,,423.0
600,modern,,,,422.0
601,shot,,,,421.0
602,mortgage,,,,420.0
603,coach,,,,420.0
604,trends,,,,419.0
605,takes,,,,417.0
606,england,,,,417.0
607,rock,,,,416.0
608,buy,,,,416.0
609,residents,,,,416.0
610,named,,,,415.0
611,charged,,,,414.0
612,labor,,,,414.0
613,gave,,,,414.0
614,following,,,,413.0
615,opening,,,,412.0
616,yahoo,,,,412.0
617,council,,,,412.0
618,outside,,,,411.0
619,groups,,,,410.0
620,step,,,,410.0
621,efforts,,,,409.0
622,stocks,,,,408.0
623,lot,,,,408.0
624,cost,,,,408.0
625,petroleum,,,,408.0
626,radio,,,,407.0
627,seven,,,,407.0
628,share,,,,406.0
629,grand,,,,405.0
630,question,,,,405.0
631,seemed,,,,405.0
632,agreement,,,,405.0
633,looking,,,,404.0
634,seen,,,,404.0
635,short,,,,404.0
636,land,,,,403.0
637,primary,,,,403.0
638,opposition,,,,403.0
639,project,,,,403.0
640,list,,,,402.0
641,star,,,,401.0
642,hundreds,,,,401.0
643,afternoon,,,,401.0
644,opened,,,,401.0
645,problems,,,,400.0
646,front,,,,400.0
647,sites,,,,400.0
648,loss,,,,399.0
649,costs,,,,399.0
650,seem,,,,399.0
651,leading,,,,398.0
652,debate,,,,397.0
653,track,,,,397.0
654,rising,,,,397.0
655,though,,,,397.0
656,albany,,,,396.0
657,popular,,,,396.0
658,thomas,,,,396.0
659,given,,,,396.0
660,personal,,,,396.0
661,region,,,,396.0
662,meeting,,,,394.0
663,candidates,,,,394.0
664,ice,,,,394.0
665,garden,,,,393.0
666,racing,,,,393.0
667,kennedy,,,,393.0
668,voters,,,,392.0
669,officers,,,,392.0
670,arts,,,,392.0
671,interest,,,,391.0
672,brought,,,,391.0
673,friends,,,,390.0
674,using,,,,390.0
675,square,,,,390.0
676,services,,,,390.0
677,network,,,,390.0
678,perhaps,,,,390.0
679,issue,,,,389.0
680,test,,,,389.0
681,technology,,,,387.0
682,try,,,,387.0
683,suits,,,,386.0
684,novel,,,,386.0
685,spent,,,,385.0
686,wife,,,,385.0
687,saying,,,,384.0
688,richard,,,,383.0
689,nbc,,,,383.0
690,detroit,,,,382.0
691,father,,,,382.0
692,budget,,,,381.0
693,patients,,,,381.0
694,freedom,,,,381.0
695,soon,,,,379.0
696,taken,,,,379.0
697,organization,,,,379.0
698,beach,,,,378.0
699,colombia,,,,378.0
700,station,,,,378.0
701,southern,,,,378.0
702,nothing,,,,377.0
703,lower,,,,377.0
704,catholic,,,,377.0
705,demonstrations,,,,377.0
706,kind,,,,376.0
707,attention,,,,375.0
708,started,,,,374.0
709,sex,,,,374.0
710,prison,,,,374.0
711,rise,,,,373.0
712,programs,,,,373.0
713,changes,,,,372.0
714,really,,,,371.0
715,stop,,,,371.0
716,speech,,,,371.0
717,systems,,,,371.0
718,hope,,,,370.0
719,ground,,,,370.0
720,village,,,,370.0
721,insurance,,,,370.0
722,full,,,,370.0
723,begin,,,,369.0
724,information,,,,368.0
725,ways,,,,368.0
726,act,,,,368.0
727,areas,,,,368.0
728,jazz,,,,367.0
729,civil,,,,366.0
730,mother,,,,365.0
731,press,,,,364.0
732,development,,,,364.0
733,performance,,,,364.0
734,meet,,,,363.0
735,russian,,,,363.0
736,riots,,,,363.0
737,doctors,,,,362.0
738,comedy,,,,362.0
739,conference,,,,362.0
740,calls,,,,361.0
741,lawyers,,,,361.0
742,based,,,,361.0
743,title,,,,360.0
744,rose,,,,360.0
745,road,,,,360.0
746,recipes,,,,360.0
747,lived,,,,359.0
748,jobs,,,,359.0
749,problem,,,,359.0
750,longer,,,,358.0
751,risk,,,,357.0
752,inside,,,,357.0
753,soldiers,,,,357.0
754,executives,,,,356.0
755,apartment,,,,356.0
756,bonds,,,,354.0
757,yankee,,,,351.0
758,facing,,,,350.0
759,killing,,,,350.0
760,lives,,,,350.0
761,century,,,,350.0
762,clear,,,,349.0
763,course,,,,349.0
764,restaurant,,,,349.0
765,investment,,,,349.0
766,canada,,,,348.0
767,chairman,,,,348.0
768,rangers,,,,348.0
769,newspapers,,,,347.0
770,corporation,,,,347.0
771,round,,,,346.0
772,mugabe,,,,346.0
773,crime,,,,346.0
774,athletics,,,,346.0
775,decided,,,,346.0
776,hospital,,,,345.0
777,communications,,,,345.0
778,brain,,,,344.0
779,sale,,,,343.0
780,governor,,,,343.0
781,management,,,,343.0
782,avenue,,,,342.0
783,senior,,,,341.0
784,historic,,,,341.0
785,bid,,,,341.0
786,higher,,,,340.0
787,carolina,,,,340.0
788,employees,,,,340.0
789,fighting,,,,339.0
790,miles,,,,339.0
791,litigation,,,,339.0
792,chance,,,,338.0
793,idea,,,,338.0
794,violence,,,,337.0
795,science,,,,336.0
796,wanted,,,,336.0
797,raise,,,,336.0
798,bear,,,,336.0
799,quarter,,,,335.0
800,criminal,,,,335.0
801,events,,,,333.0
802,william,,,,333.0
803,hotel,,,,333.0
804,attacks,,,,333.0
805,musical,,,,333.0
806,community,,,,333.0
807,strike,,,,332.0
808,evidence,,,,332.0
809,let,,,,332.0
810,millions,,,,332.0
811,leave,,,,331.0
812,together,,,,331.0
813,la,,,,331.0
814,consumer,,,,330.0
815,raised,,,,330.0
816,prisoners,,,,328.0
817,wireless,,,,328.0
818,starting,,,,328.0
819,firm,,,,327.0
820,girl,,,,327.0
821,giants,,,,327.0
822,feet,,,,327.0
823,funds,,,,327.0
824,sometimes,,,,327.0
825,roman,,,,327.0
826,airplanes,,,,327.0
827,numbers,,,,326.0
828,finally,,,,326.0
829,jones,,,,326.0
830,sean,,,,326.0
831,pressure,,,,326.0
832,sox,,,,326.0
833,minutes,,,,326.0
834,charles,,,,326.0
835,joe,,,,326.0
836,contract,,,,325.0
837,streets,,,,325.0
838,transportation,,,,325.0
839,hollywood,,,,324.0
840,lawyer,,,,323.0
841,mass,,,,322.0
842,met,,,,322.0
843,arrested,,,,322.0
844,focus,,,,322.0
845,annual,,,,322.0
846,blue,,,,322.0
847,sign,,,,321.0
848,beyond,,,,320.0
849,seeking,,,,320.0
850,tv,,,,319.0
851,phone,,,,319.0
852,auction,,,,319.0
853,instead,,,,319.0
854,digital,,,,319.0
855,view,,,,318.0
856,northern,,,,318.0
857,words,,,,317.0
858,software,,,,317.0
859,moment,,,,317.0
860,spending,,,,316.0
861,rice,,,,316.0
862,philadelphia,,,,316.0
863,hold,,,,315.0
864,ohio,,,,315.0
865,today,,,,315.0
866,western,,,,315.0
867,current,,,,315.0
868,gets,,,,314.0
869,pennsylvania,,,,313.0
870,within,,,,313.0
871,student,,,,312.0
872,intelligence,,,,312.0
873,ruling,,,,312.0
874,trading,,,,311.0
875,player,,,,311.0
876,thought,,,,311.0
877,search,,,,309.0
878,newark,,,,309.0
879,trip,,,,309.0
880,concert,,,,309.0
881,build,,,,309.0
882,sound,,,,309.0
883,ended,,,,309.0
884,probably,,,,309.0
885,special,,,,308.0
886,playing,,,,308.0
887,morgan,,,,308.0
888,elections,,,,308.0
889,bring,,,,307.0
890,olympics,,,,307.0
891,moved,,,,307.0
892,neighborhood,,,,306.0
893,sell,,,,306.0
894,lines,,,,306.0
895,disease,,,,306.0
896,al,,,,304.0
897,knicks,,,,303.0
898,order,,,,303.0
899,orchestra,,,,303.0
900,ii,,,,302.0
901,cars,,,,302.0
902,challenge,,,,302.0
903,jews,,,,302.0
904,main,,,,301.0
905,strong,,,,300.0
906,google,,,,299.0
907,giant,,,,299.0
908,failed,,,,298.0
909,border,,,,297.0
910,joseph,,,,297.0
911,virginia,,,,297.0
912,automobiles,,,,297.0
913,dollars,,,,296.0
914,gay,,,,295.0
915,officer,,,,295.0
916,created,,,,295.0
917,roger,,,,295.0
918,needs,,,,294.0
919,giving,,,,294.0
920,ethics,,,,294.0
921,amid,,,,293.0
922,son,,,,293.0
923,budgets,,,,293.0
924,tennis,,,,293.0
925,artist,,,,292.0
926,ahead,,,,292.0
927,names,,,,292.0
928,sense,,,,292.0
929,fell,,,,291.0
930,commercial,,,,291.0
931,republicans,,,,291.0
932,planning,,,,291.0
933,goes,,,,290.0
934,auctions,,,,290.0
935,congressional,,,,290.0
936,feel,,,,289.0
937,transit,,,,289.0
938,tried,,,,289.0
939,especially,,,,289.0
940,fourth,,,,289.0
941,common,,,,288.0
942,concerns,,,,287.0
943,fees,,,,287.0
944,channel,,,,287.0
945,runs,,,,287.0
946,incorporated,,,,287.0
947,serious,,,,286.0
948,sent,,,,286.0
949,offers,,,,286.0
950,troops,,,,285.0
951,poor,,,,285.0
952,airport,,,,285.0
953,mike,,,,285.0
954,cash,,,,284.0
955,parks,,,,284.0
956,lee,,,,284.0
957,create,,,,283.0
958,word,,,,282.0
959,mental,,,,282.0
960,environmental,,,,282.0
961,products,,,,281.0
962,bills,,,,281.0
963,williams,,,,281.0
964,cbs,,,,281.0
965,offered,,,,281.0
966,king,,,,280.0
967,woods,,,,280.0
968,artists,,,,280.0
969,watch,,,,279.0
970,laws,,,,279.0
971,foundation,,,,279.0
972,natural,,,,279.0
973,earlier,,,,278.0
974,weather,,,,278.0
975,everything,,,,278.0
976,sport,,,,277.0
977,hand,,,,277.0
978,fresh,,,,277.0
979,post,,,,277.0
980,tell,,,,277.0
981,society,,,,277.0
982,taliban,,,,276.0
983,illegal,,,,276.0
984,peace,,,,275.0
985,ford,,,,275.0
986,moving,,,,275.0
987,championship,,,,275.0
988,stars,,,,275.0
989,appeared,,,,275.0
990,faces,,,,274.0
991,nine,,,,274.0
992,band,,,,274.0
993,cup,,,,273.0
994,allow,,,,273.0
995,movement,,,,273.0
996,ready,,,,273.0
997,kentucky,,,,273.0
998,reach,,,,272.0
999,lawsuit,,,,272.0
